fecha,producto_id,nombre,categoria,subcategoria,precio_base,es_estrella,unidades_vendidas,precio_venta,ingresos,año,dia_semana,mes,nombre_mes,dia_mes,nombre_dia_semana,es_fin_de_semana,es_festivo,es_Black_Friday,es_Cyber_Monday,es_laborable,dia_del_año,semana_del_año,unidades_vendidas_lag1,unidades_vendidas_lag2,unidades_vendidas_lag3,unidades_vendidas_lag4,unidades_vendidas_lag5,unidades_vendidas_lag6,unidades_vendidas_lag7,unidades_vendidas_mm7,descuento_pct,precio_competencia,ratio_precio,nombre_H_Adidas Own The Run Jacket,nombre_H_Adidas Ultraboost 23,nombre_H_Asics Gel Nimbus 25,nombre_H_Bowflex SelectTech 552,nombre_H_Columbia Silver Ridge,nombre_H_Decathlon Bandas Elásticas Set,nombre_H_Domyos BM900,nombre_H_Domyos Kit Mancuernas 20kg,nombre_H_Gaiam Premium Yoga Block,nombre_H_Liforme Yoga Pad,nombre_H_Lotuscrafts Yoga Bolster,nombre_H_Manduka PRO Yoga Mat,nombre_H_Merrell Moab 2 GTX,nombre_H_New Balance Fresh Foam X 1080v12,nombre_H_Nike Air Zoom Pegasus 40,nombre_H_Nike Dri-FIT Miler,nombre_H_Puma Velocity Nitro 2,nombre_H_Quechua MH500,nombre_H_Reebok Floatride Energy 5,nombre_H_Reebok Professional Deck,nombre_H_Salomon Speedcross 5 GTX,nombre_H_Sveltus Kettlebell 12kg,nombre_H_The North Face Borealis,nombre_H_Trek Marlin 7,categoria_H_Fitness,categoria_H_Outdoor,categoria_H_Running,categoria_H_Wellness,subcategoria_H_Banco Gimnasio,subcategoria_H_Bandas Elásticas,subcategoria_H_Bicicleta Montaña,subcategoria_H_Bloque Yoga,subcategoria_H_Cojín Yoga,subcategoria_H_Esterilla Fitness,subcategoria_H_Esterilla Yoga,subcategoria_H_Mancuernas Ajustables,subcategoria_H_Mochila Trekking,subcategoria_H_Pesa Rusa,subcategoria_H_Pesas Casa,subcategoria_H_Rodillera Yoga,subcategoria_H_Ropa Montaña,subcategoria_H_Ropa Running,subcategoria_H_Zapatillas Running,subcategoria_H_Zapatillas Trail
2025-11-01,PROD_001,Nike Air Zoom Pegasus 40,Running,Zapatillas Running,115,True,,115.0,,2025,5,11,Noviembre,1,Sábado,True,True,False,False,False,305,44,,,,,,,,,0.0,100.61000000000001,1.1430275320544676,False,False,False,False,False,False,False,False,False,False,False,False,False,False,True,False,False,False,False,False,False,False,False,False,False,False,True,False,False,False,False,False,False,False,False,False,False,False,False,False,False,False,True,False
2025-11-01,PROD_002,Adidas Ultraboost 23,Running,Zapatillas Running,135,True,,135.0,,2025,5,11,Noviembre,1,Sábado,True,True,False,False,False,305,44,,,,,,,,,0.0,119.08,1.133691635875042,False,True,False,False,False,False,False,False,False,False,False,False,False,False,False,False,False,False,False,False,False,False,False,False,False,False,True,False,False,False,False,False,False,False,False,False,False,False,False,False,False,False,True,False
2025-11-01,PROD_003,Asics Gel Nimbus 25,Running,Zapatillas Running,85,False,,86.39,,2025,5,11,Noviembre,1,Sábado,True,True,False,False,False,305,44,,,,,,,,,-0.01635294117647068,82.69,1.0447454347563188,False,False,True,False,False,False,False,False,False,False,False,False,False,False,False,False,False,False,False,False,False,False,False,False,False,False,True,False,False,False,False,False,False,False,False,False,False,False,False,False,False,False,True,False
2025-11-01,PROD_004,New Balance Fresh Foam X 1080v12,Running,Zapatillas Running,75,False,,74.09,,2025,5,11,Noviembre,1,Sábado,True,True,False,False,False,305,44,,,,,,,,,0.01213333333333333,76.12666666666667,0.9732463438129434,False,False,False,False,False,False,False,False,False,False,False,False,False,True,False,False,False,False,False,False,False,False,False,False,False,False,True,False,False,False,False,False,False,False,False,False,False,False,False,False,False,False,True,False
2025-11-01,PROD_005,Nike Dri-FIT Miler,Running,Ropa Running,35,False,,34.76,,2025,5,11,Noviembre,1,Sábado,True,True,False,False,False,305,44,,,,,,,,,0.006857142857142895,35.18333333333333,0.9879677877783042,False,False,False,False,False,False,False,False,False,False,False,False,False,False,False,True,False,False,False,False,False,False,False,False,False,False,True,False,False,False,False,False,False,False,False,False,False,False,False,False,False,True,False,False
2025-11-01,PROD_006,Adidas Own The Run Jacket,Running,Ropa Running,65,False,,63.8,,2025,5,11,Noviembre,1,Sábado,True,True,False,False,False,305,44,,,,,,,,,0.01846153846153853,62.26333333333333,1.024680122062209,True,False,False,False,False,False,False,False,False,False,False,False,False,False,False,False,False,False,False,False,False,False,False,False,False,False,True,False,False,False,False,False,False,False,False,False,False,False,False,False,False,True,False,False
2025-11-01,PROD_007,Puma Velocity Nitro 2,Running,Zapatillas Running,70,False,,70.3,,2025,5,11,Noviembre,1,Sábado,True,True,False,False,False,305,44,,,,,,,,,-0.004285714285714226,68.50666666666666,1.0261775009731413,False,False,False,False,False,False,False,False,False,False,False,False,False,False,False,False,True,False,False,False,False,False,False,False,False,False,True,False,False,False,False,False,False,False,False,False,False,False,False,False,False,False,True,False
2025-11-01,PROD_008,Reebok Floatride Energy 5,Running,Zapatillas Running,65,False,,64.41,,2025,5,11,Noviembre,1,Sábado,True,True,False,False,False,305,44,,,,,,,,,0.009076923076923094,63.836666666666666,1.0089812542425982,False,False,False,False,False,False,False,False,False,False,False,False,False,False,False,False,False,False,True,False,False,False,False,False,False,False,True,False,False,False,False,False,False,False,False,False,False,False,False,False,False,False,True,False
2025-11-01,PROD_009,Bowflex SelectTech 552,Fitness,Mancuernas Ajustables,400,True,,400.0,,2025,5,11,Noviembre,1,Sábado,True,True,False,False,False,305,44,,,,,,,,,0.0,365.75333333333333,1.0936332318684723,False,False,False,True,False,False,False,False,False,False,False,False,False,False,False,False,False,False,False,False,False,False,False,False,True,False,False,False,False,False,False,False,False,False,False,True,False,False,False,False,False,False,False,False
2025-11-01,PROD_010,Domyos BM900,Fitness,Banco Gimnasio,175,True,,175.0,,2025,5,11,Noviembre,1,Sábado,True,True,False,False,False,305,44,,,,,,,,,0.0,173.06333333333336,1.011190508291762,False,False,False,False,False,False,True,False,False,False,False,False,False,False,False,False,False,False,False,False,False,False,False,False,True,False,False,False,True,False,False,False,False,False,False,False,False,False,False,False,False,False,False,False
2025-11-01,PROD_011,Reebok Professional Deck,Fitness,Esterilla Fitness,45,False,,44.22,,2025,5,11,Noviembre,1,Sábado,True,True,False,False,False,305,44,,,,,,,,,0.01733333333333331,44.050000000000004,1.0038592508513051,False,False,False,False,False,False,False,False,False,False,False,False,False,False,False,False,False,False,False,True,False,False,False,False,True,False,False,False,False,False,False,False,False,True,False,False,False,False,False,False,False,False,False,False
2025-11-01,PROD_012,Domyos Kit Mancuernas 20kg,Fitness,Pesas Casa,55,False,,54.26,,2025,5,11,Noviembre,1,Sábado,True,True,False,False,False,305,44,,,,,,,,,0.013454545454545497,51.86666666666667,1.0461439588688946,False,False,False,False,False,False,False,True,False,False,False,False,False,False,False,False,False,False,False,False,False,False,False,False,True,False,False,False,False,False,False,False,False,False,False,False,False,False,True,False,False,False,False,False
2025-11-01,PROD_013,Decathlon Bandas Elásticas Set,Fitness,Bandas Elásticas,25,False,,25.4,,2025,5,11,Noviembre,1,Sábado,True,True,False,False,False,305,44,,,,,,,,,-0.016000000000000014,23.203333333333333,1.0946703059905185,False,False,False,False,False,True,False,False,False,False,False,False,False,False,False,False,False,False,False,False,False,False,False,False,True,False,False,False,False,True,False,False,False,False,False,False,False,False,False,False,False,False,False,False
2025-11-01,PROD_014,Sveltus Kettlebell 12kg,Fitness,Pesa Rusa,40,False,,39.22,,2025,5,11,Noviembre,1,Sábado,True,True,False,False,False,305,44,,,,,,,,,0.019500000000000073,38.52333333333333,1.0180842779267976,False,False,False,False,False,False,False,False,False,False,False,False,False,False,False,False,False,False,False,False,False,True,False,False,True,False,False,False,False,False,False,False,False,False,False,False,False,True,False,False,False,False,False,False
2025-11-01,PROD_015,Salomon Speedcross 5 GTX,Outdoor,Zapatillas Trail,150,True,,150.0,,2025,5,11,Noviembre,1,Sábado,True,True,False,False,False,305,44,,,,,,,,,0.0,144.39333333333335,1.0388291241516228,False,False,False,False,False,False,False,False,False,False,False,False,False,False,False,False,False,False,False,False,True,False,False,False,False,True,False,False,False,False,False,False,False,False,False,False,False,False,False,False,False,False,False,True
2025-11-01,PROD_016,Trek Marlin 7,Outdoor,Bicicleta Montaña,830,True,,830.0,,2025,5,11,Noviembre,1,Sábado,True,True,False,False,False,305,44,,,,,,,,,0.0,797.9566666666666,1.0401567336572162,False,False,False,False,False,False,False,False,False,False,False,False,False,False,False,False,False,False,False,False,False,False,False,True,False,True,False,False,False,False,True,False,False,False,False,False,False,False,False,False,False,False,False,False
2025-11-01,PROD_017,The North Face Borealis,Outdoor,Mochila Trekking,95,False,,95.07,,2025,5,11,Noviembre,1,Sábado,True,True,False,False,False,305,44,,,,,,,,,-0.0007368421052631469,88.93333333333332,1.0690029985007496,False,False,False,False,False,False,False,False,False,False,False,False,False,False,False,False,False,False,False,False,False,False,True,False,False,True,False,False,False,False,False,False,False,False,False,False,True,False,False,False,False,False,False,False
2025-11-01,PROD_018,Columbia Silver Ridge,Outdoor,Ropa Montaña,70,False,,69.12,,2025,5,11,Noviembre,1,Sábado,True,True,False,False,False,305,44,,,,,,,,,0.012571428571428456,67.86333333333333,1.0185176089198882,False,False,False,False,True,False,False,False,False,False,False,False,False,False,False,False,False,False,False,False,False,False,False,False,False,True,False,False,False,False,False,False,False,False,False,False,False,False,False,False,True,False,False,False
2025-11-01,PROD_019,Merrell Moab 2 GTX,Outdoor,Zapatillas Trail,110,False,,110.89,,2025,5,11,Noviembre,1,Sábado,True,True,False,False,False,305,44,,,,,,,,,-0.008090909090909149,100.96,1.0983557844690968,False,False,False,False,False,False,False,False,False,False,False,False,True,False,False,False,False,False,False,False,False,False,False,False,False,True,False,False,False,False,False,False,False,False,False,False,False,False,False,False,False,False,False,True
2025-11-01,PROD_020,Quechua MH500,Outdoor,Ropa Montaña,80,False,,80.84,,2025,5,11,Noviembre,1,Sábado,True,True,False,False,False,305,44,,,,,,,,,-0.010499999999999954,74.41333333333334,1.0863644508152661,False,False,False,False,False,False,False,False,False,False,False,False,False,False,False,False,False,True,False,False,False,False,False,False,False,True,False,False,False,False,False,False,False,False,False,False,False,False,False,False,True,False,False,False
2025-11-01,PROD_021,Manduka PRO Yoga Mat,Wellness,Esterilla Yoga,130,True,,130.0,,2025,5,11,Noviembre,1,Sábado,True,True,False,False,False,305,44,,,,,,,,,0.0,130.39000000000001,0.9970089730807576,False,False,False,False,False,False,False,False,False,False,False,True,False,False,False,False,False,False,False,False,False,False,False,False,False,False,False,True,False,False,False,False,False,False,True,False,False,False,False,False,False,False,False,False
2025-11-01,PROD_022,Gaiam Premium Yoga Block,Wellness,Bloque Yoga,20,False,,19.92,,2025,5,11,Noviembre,1,Sábado,True,True,False,False,False,305,44,,,,,,,,,0.0039999999999998925,19.150000000000002,1.0402088772845952,False,False,False,False,False,False,False,False,True,False,False,False,False,False,False,False,False,False,False,False,False,False,False,False,False,False,False,True,False,False,False,True,False,False,False,False,False,False,False,False,False,False,False,False
2025-11-01,PROD_023,Liforme Yoga Pad,Wellness,Rodillera Yoga,35,False,,35.39,,2025,5,11,Noviembre,1,Sábado,True,True,False,False,False,305,44,,,,,,,,,-0.011142857142857121,32.88333333333333,1.076229092752154,False,False,False,False,False,False,False,False,False,True,False,False,False,False,False,False,False,False,False,False,False,False,False,False,False,False,False,True,False,False,False,False,False,False,False,False,False,False,False,True,False,False,False,False
2025-11-01,PROD_024,Lotuscrafts Yoga Bolster,Wellness,Cojín Yoga,50,False,,49.57,,2025,5,11,Noviembre,1,Sábado,True,True,False,False,False,305,44,,,,,,,,,0.008599999999999941,48.14333333333334,1.0296337326040295,False,False,False,False,False,False,False,False,False,False,True,False,False,False,False,False,False,False,False,False,False,False,False,False,False,False,False,True,False,False,False,False,True,False,False,False,False,False,False,False,False,False,False,False
2025-11-02,PROD_001,Nike Air Zoom Pegasus 40,Running,Zapatillas Running,115,True,,115.0,,2025,6,11,Noviembre,2,Domingo,True,False,False,False,False,306,44,,,,,,,,,0.0,97.74,1.1765909555964804,False,False,False,False,False,False,False,False,False,False,False,False,False,False,True,False,False,False,False,False,False,False,False,False,False,False,True,False,False,False,False,False,False,False,False,False,False,False,False,False,False,False,True,False
2025-11-02,PROD_002,Adidas Ultraboost 23,Running,Zapatillas Running,135,True,,135.0,,2025,6,11,Noviembre,2,Domingo,True,False,False,False,False,306,44,,,,,,,,,0.0,118.25,1.1416490486257929,False,True,False,False,False,False,False,False,False,False,False,False,False,False,False,False,False,False,False,False,False,False,False,False,False,False,True,False,False,False,False,False,False,False,False,False,False,False,False,False,False,False,True,False
2025-11-02,PROD_003,Asics Gel Nimbus 25,Running,Zapatillas Running,85,False,,85.16,,2025,6,11,Noviembre,2,Domingo,True,False,False,False,False,306,44,,,,,,,,,-0.0018823529411764461,80.52999999999999,1.0574941015770523,False,False,True,False,False,False,False,False,False,False,False,False,False,False,False,False,False,False,False,False,False,False,False,False,False,False,True,False,False,False,False,False,False,False,False,False,False,False,False,False,False,False,True,False
2025-11-02,PROD_004,New Balance Fresh Foam X 1080v12,Running,Zapatillas Running,75,False,,73.57,,2025,6,11,Noviembre,2,Domingo,True,False,False,False,False,306,44,,,,,,,,,0.019066666666666787,71.19,1.0334316617502457,False,False,False,False,False,False,False,False,False,False,False,False,False,True,False,False,False,False,False,False,False,False,False,False,False,False,True,False,False,False,False,False,False,False,False,False,False,False,False,False,False,False,True,False
2025-11-02,PROD_005,Nike Dri-FIT Miler,Running,Ropa Running,35,False,,34.43,,2025,6,11,Noviembre,2,Domingo,True,False,False,False,False,306,44,,,,,,,,,0.016285714285714348,34.02,1.0120517342739563,False,False,False,False,False,False,False,False,False,False,False,False,False,False,False,True,False,False,False,False,False,False,False,False,False,False,True,False,False,False,False,False,False,False,False,False,False,False,False,False,False,True,False,False
2025-11-02,PROD_006,Adidas Own The Run Jacket,Running,Ropa Running,65,False,,66.03,,2025,6,11,Noviembre,2,Domingo,True,False,False,False,False,306,44,,,,,,,,,-0.015846153846153843,66.77,0.9889171783735211,True,False,False,False,False,False,False,False,False,False,False,False,False,False,False,False,False,False,False,False,False,False,False,False,False,False,True,False,False,False,False,False,False,False,False,False,False,False,False,False,False,True,False,False
2025-11-02,PROD_007,Puma Velocity Nitro 2,Running,Zapatillas Running,70,False,,71.36,,2025,6,11,Noviembre,2,Domingo,True,False,False,False,False,306,44,,,,,,,,,-0.01942857142857135,69.95666666666666,1.0200600371658646,False,False,False,False,False,False,False,False,False,False,False,False,False,False,False,False,True,False,False,False,False,False,False,False,False,False,True,False,False,False,False,False,False,False,False,False,False,False,False,False,False,False,True,False
2025-11-02,PROD_008,Reebok Floatride Energy 5,Running,Zapatillas Running,65,False,,63.94,,2025,6,11,Noviembre,2,Domingo,True,False,False,False,False,306,44,,,,,,,,,0.016307692307692356,63.44333333333333,1.007828508380182,False,False,False,False,False,False,False,False,False,False,False,False,False,False,False,False,False,False,True,False,False,False,False,False,False,False,True,False,False,False,False,False,False,False,False,False,False,False,False,False,False,False,True,False
2025-11-02,PROD_009,Bowflex SelectTech 552,Fitness,Mancuernas Ajustables,400,True,,400.0,,2025,6,11,Noviembre,2,Domingo,True,False,False,False,False,306,44,,,,,,,,,0.0,373.4266666666667,1.071160781233263,False,False,False,True,False,False,False,False,False,False,False,False,False,False,False,False,False,False,False,False,False,False,False,False,True,False,False,False,False,False,False,False,False,False,False,True,False,False,False,False,False,False,False,False
2025-11-02,PROD_010,Domyos BM900,Fitness,Banco Gimnasio,175,True,,175.0,,2025,6,11,Noviembre,2,Domingo,True,False,False,False,False,306,44,,,,,,,,,0.0,178.88,0.978309481216458,False,False,False,False,False,False,True,False,False,False,False,False,False,False,False,False,False,False,False,False,False,False,False,False,True,False,False,False,True,False,False,False,False,False,False,False,False,False,False,False,False,False,False,False
2025-11-02,PROD_011,Reebok Professional Deck,Fitness,Esterilla Fitness,45,False,,44.72,,2025,6,11,Noviembre,2,Domingo,True,False,False,False,False,306,44,,,,,,,,,0.00622222222222224,43.04333333333333,1.038952993107721,False,False,False,False,False,False,False,False,False,False,False,False,False,False,False,False,False,False,False,True,False,False,False,False,True,False,False,False,False,False,False,False,False,True,False,False,False,False,False,False,False,False,False,False
2025-11-02,PROD_012,Domyos Kit Mancuernas 20kg,Fitness,Pesas Casa,55,False,,54.47,,2025,6,11,Noviembre,2,Domingo,True,False,False,False,False,306,44,,,,,,,,,0.009636363636363665,52.46333333333333,1.0382489357646612,False,False,False,False,False,False,False,True,False,False,False,False,False,False,False,False,False,False,False,False,False,False,False,False,True,False,False,False,False,False,False,False,False,False,False,False,False,False,True,False,False,False,False,False
2025-11-02,PROD_013,Decathlon Bandas Elásticas Set,Fitness,Bandas Elásticas,25,False,,25.32,,2025,6,11,Noviembre,2,Domingo,True,False,False,False,False,306,44,,,,,,,,,-0.012799999999999923,24.80333333333333,1.0208305335304395,False,False,False,False,False,True,False,False,False,False,False,False,False,False,False,False,False,False,False,False,False,False,False,False,True,False,False,False,False,True,False,False,False,False,False,False,False,False,False,False,False,False,False,False
2025-11-02,PROD_014,Sveltus Kettlebell 12kg,Fitness,Pesa Rusa,40,False,,40.08,,2025,6,11,Noviembre,2,Domingo,True,False,False,False,False,306,44,,,,,,,,,-0.0020000000000000018,39.56333333333333,1.0130592299266998,False,False,False,False,False,False,False,False,False,False,False,False,False,False,False,False,False,False,False,False,False,True,False,False,True,False,False,False,False,False,False,False,False,False,False,False,False,True,False,False,False,False,False,False
2025-11-02,PROD_015,Salomon Speedcross 5 GTX,Outdoor,Zapatillas Trail,150,True,,150.0,,2025,6,11,Noviembre,2,Domingo,True,False,False,False,False,306,44,,,,,,,,,0.0,140.4433333333333,1.0680464244179149,False,False,False,False,False,False,False,False,False,False,False,False,False,False,False,False,False,False,False,False,True,False,False,False,False,True,False,False,False,False,False,False,False,False,False,False,False,False,False,False,False,False,False,True
2025-11-02,PROD_016,Trek Marlin 7,Outdoor,Bicicleta Montaña,830,True,,830.0,,2025,6,11,Noviembre,2,Domingo,True,False,False,False,False,306,44,,,,,,,,,0.0,793.0033333333332,1.0466538602191668,False,False,False,False,False,False,False,False,False,False,False,False,False,False,False,False,False,False,False,False,False,False,False,True,False,True,False,False,False,False,True,False,False,False,False,False,False,False,False,False,False,False,False,False
2025-11-02,PROD_017,The North Face Borealis,Outdoor,Mochila Trekking,95,False,,93.44,,2025,6,11,Noviembre,2,Domingo,True,False,False,False,False,306,44,,,,,,,,,0.016421052631579003,87.61000000000001,1.066544914964045,False,False,False,False,False,False,False,False,False,False,False,False,False,False,False,False,False,False,False,False,False,False,True,False,False,True,False,False,False,False,False,False,False,False,False,False,True,False,False,False,False,False,False,False
2025-11-02,PROD_018,Columbia Silver Ridge,Outdoor,Ropa Montaña,70,False,,70.11,,2025,6,11,Noviembre,2,Domingo,True,False,False,False,False,306,44,,,,,,,,,-0.001571428571428557,68.55666666666667,1.0226576554674964,False,False,False,False,True,False,False,False,False,False,False,False,False,False,False,False,False,False,False,False,False,False,False,False,False,True,False,False,False,False,False,False,False,False,False,False,False,False,False,False,True,False,False,False
2025-11-02,PROD_019,Merrell Moab 2 GTX,Outdoor,Zapatillas Trail,110,False,,111.79,,2025,6,11,Noviembre,2,Domingo,True,False,False,False,False,306,44,,,,,,,,,-0.01627272727272744,106.70666666666666,1.0476383856053981,False,False,False,False,False,False,False,False,False,False,False,False,True,False,False,False,False,False,False,False,False,False,False,False,False,True,False,False,False,False,False,False,False,False,False,False,False,False,False,False,False,False,False,True
2025-11-02,PROD_020,Quechua MH500,Outdoor,Ropa Montaña,80,False,,79.98,,2025,6,11,Noviembre,2,Domingo,True,False,False,False,False,306,44,,,,,,,,,0.00024999999999997247,79.06,1.011636731596256,False,False,False,False,False,False,False,False,False,False,False,False,False,False,False,False,False,True,False,False,False,False,False,False,False,True,False,False,False,False,False,False,False,False,False,False,False,False,False,False,True,False,False,False
2025-11-02,PROD_021,Manduka PRO Yoga Mat,Wellness,Esterilla Yoga,130,True,,130.0,,2025,6,11,Noviembre,2,Domingo,True,False,False,False,False,306,44,,,,,,,,,0.0,123.02999999999999,1.0566528488986426,False,False,False,False,False,False,False,False,False,False,False,True,False,False,False,False,False,False,False,False,False,False,False,False,False,False,False,True,False,False,False,False,False,False,True,False,False,False,False,False,False,False,False,False
2025-11-02,PROD_022,Gaiam Premium Yoga Block,Wellness,Bloque Yoga,20,False,,19.89,,2025,6,11,Noviembre,2,Domingo,True,False,False,False,False,306,44,,,,,,,,,0.005499999999999949,19.263333333333332,1.032531579858107,False,False,False,False,False,False,False,False,True,False,False,False,False,False,False,False,False,False,False,False,False,False,False,False,False,False,False,True,False,False,False,True,False,False,False,False,False,False,False,False,False,False,False,False
2025-11-02,PROD_023,Liforme Yoga Pad,Wellness,Rodillera Yoga,35,False,,34.59,,2025,6,11,Noviembre,2,Domingo,True,False,False,False,False,306,44,,,,,,,,,0.011714285714285566,33.75333333333333,1.0247876752913294,False,False,False,False,False,False,False,False,False,True,False,False,False,False,False,False,False,False,False,False,False,False,False,False,False,False,False,True,False,False,False,False,False,False,False,False,False,False,False,True,False,False,False,False
2025-11-02,PROD_024,Lotuscrafts Yoga Bolster,Wellness,Cojín Yoga,50,False,,49.15,,2025,6,11,Noviembre,2,Domingo,True,False,False,False,False,306,44,,,,,,,,,0.017000000000000015,48.623333333333335,1.0108315623500377,False,False,False,False,False,False,False,False,False,False,True,False,False,False,False,False,False,False,False,False,False,False,False,False,False,False,False,True,False,False,False,False,True,False,False,False,False,False,False,False,False,False,False,False
2025-11-03,PROD_001,Nike Air Zoom Pegasus 40,Running,Zapatillas Running,115,True,,115.0,,2025,0,11,Noviembre,3,Lunes,False,False,False,False,True,307,45,,,,,,,,,0.0,99.51333333333334,1.155624036979969,False,False,False,False,False,False,False,False,False,False,False,False,False,False,True,False,False,False,False,False,False,False,False,False,False,False,True,False,False,False,False,False,False,False,False,False,False,False,False,False,False,False,True,False
2025-11-03,PROD_002,Adidas Ultraboost 23,Running,Zapatillas Running,135,True,,135.0,,2025,0,11,Noviembre,3,Lunes,False,False,False,False,True,307,45,,,,,,,,,0.0,117.83333333333333,1.1456859971711457,False,True,False,False,False,False,False,False,False,False,False,False,False,False,False,False,False,False,False,False,False,False,False,False,False,False,True,False,False,False,False,False,False,False,False,False,False,False,False,False,False,False,True,False
2025-11-03,PROD_003,Asics Gel Nimbus 25,Running,Zapatillas Running,85,False,,86.43,,2025,0,11,Noviembre,3,Lunes,False,False,False,False,True,307,45,,,,,,,,,-0.01682352941176468,80.29666666666667,1.0763834115156297,False,False,True,False,False,False,False,False,False,False,False,False,False,False,False,False,False,False,False,False,False,False,False,False,False,False,True,False,False,False,False,False,False,False,False,False,False,False,False,False,False,False,True,False
2025-11-03,PROD_004,New Balance Fresh Foam X 1080v12,Running,Zapatillas Running,75,False,,73.55,,2025,0,11,Noviembre,3,Lunes,False,False,False,False,True,307,45,,,,,,,,,0.019333333333333425,73.92666666666668,0.9949048606727385,False,False,False,False,False,False,False,False,False,False,False,False,False,True,False,False,False,False,False,False,False,False,False,False,False,False,True,False,False,False,False,False,False,False,False,False,False,False,False,False,False,False,True,False
2025-11-03,PROD_005,Nike Dri-FIT Miler,Running,Ropa Running,35,False,,35.07,,2025,0,11,Noviembre,3,Lunes,False,False,False,False,True,307,45,,,,,,,,,-0.0020000000000000018,34.089999999999996,1.0287474332648872,False,False,False,False,False,False,False,False,False,False,False,False,False,False,False,True,False,False,False,False,False,False,False,False,False,False,True,False,False,False,False,False,False,False,False,False,False,False,False,False,False,True,False,False
2025-11-03,PROD_006,Adidas Own The Run Jacket,Running,Ropa Running,65,False,,65.08,,2025,0,11,Noviembre,3,Lunes,False,False,False,False,True,307,45,,,,,,,,,-0.0012307692307691465,60.47333333333333,1.0761768272516812,True,False,False,False,False,False,False,False,False,False,False,False,False,False,False,False,False,False,False,False,False,False,False,False,False,False,True,False,False,False,False,False,False,False,False,False,False,False,False,False,False,True,False,False
2025-11-03,PROD_007,Puma Velocity Nitro 2,Running,Zapatillas Running,70,False,,69.72,,2025,0,11,Noviembre,3,Lunes,False,False,False,False,True,307,45,,,,,,,,,0.0040000000000000036,66.45,1.0492099322799096,False,False,False,False,False,False,False,False,False,False,False,False,False,False,False,False,True,False,False,False,False,False,False,False,False,False,True,False,False,False,False,False,False,False,False,False,False,False,False,False,False,False,True,False
2025-11-03,PROD_008,Reebok Floatride Energy 5,Running,Zapatillas Running,65,False,,65.97,,2025,0,11,Noviembre,3,Lunes,False,False,False,False,True,307,45,,,,,,,,,-0.014923076923076817,62.43666666666667,1.0565906785542682,False,False,False,False,False,False,False,False,False,False,False,False,False,False,False,False,False,False,True,False,False,False,False,False,False,False,True,False,False,False,False,False,False,False,False,False,False,False,False,False,False,False,True,False
2025-11-03,PROD_009,Bowflex SelectTech 552,Fitness,Mancuernas Ajustables,400,True,,400.0,,2025,0,11,Noviembre,3,Lunes,False,False,False,False,True,307,45,,,,,,,,,0.0,364.87999999999994,1.0962508221881169,False,False,False,True,False,False,False,False,False,False,False,False,False,False,False,False,False,False,False,False,False,False,False,False,True,False,False,False,False,False,False,False,False,False,False,True,False,False,False,False,False,False,False,False
2025-11-03,PROD_010,Domyos BM900,Fitness,Banco Gimnasio,175,True,,175.0,,2025,0,11,Noviembre,3,Lunes,False,False,False,False,True,307,45,,,,,,,,,0.0,167.87333333333333,1.0424526428656526,False,False,False,False,False,False,True,False,False,False,False,False,False,False,False,False,False,False,False,False,False,False,False,False,True,False,False,False,True,False,False,False,False,False,False,False,False,False,False,False,False,False,False,False
2025-11-03,PROD_011,Reebok Professional Deck,Fitness,Esterilla Fitness,45,False,,45.67,,2025,0,11,Noviembre,3,Lunes,False,False,False,False,True,307,45,,,,,,,,,-0.014888888888888951,44.370000000000005,1.0292990759522198,False,False,False,False,False,False,False,False,False,False,False,False,False,False,False,False,False,False,False,True,False,False,False,False,True,False,False,False,False,False,False,False,False,True,False,False,False,False,False,False,False,False,False,False
2025-11-03,PROD_012,Domyos Kit Mancuernas 20kg,Fitness,Pesas Casa,55,False,,56.03,,2025,0,11,Noviembre,3,Lunes,False,False,False,False,True,307,45,,,,,,,,,-0.018727272727272704,52.63666666666666,1.0644671015135205,False,False,False,False,False,False,False,True,False,False,False,False,False,False,False,False,False,False,False,False,False,False,False,False,True,False,False,False,False,False,False,False,False,False,False,False,False,False,True,False,False,False,False,False
2025-11-03,PROD_013,Decathlon Bandas Elásticas Set,Fitness,Bandas Elásticas,25,False,,24.6,,2025,0,11,Noviembre,3,Lunes,False,False,False,False,True,307,45,,,,,,,,,0.015999999999999903,23.973333333333333,1.0261401557285874,False,False,False,False,False,True,False,False,False,False,False,False,False,False,False,False,False,False,False,False,False,False,False,False,True,False,False,False,False,True,False,False,False,False,False,False,False,False,False,False,False,False,False,False
2025-11-03,PROD_014,Sveltus Kettlebell 12kg,Fitness,Pesa Rusa,40,False,,39.44,,2025,0,11,Noviembre,3,Lunes,False,False,False,False,True,307,45,,,,,,,,,0.014000000000000012,38.23666666666667,1.0314706651556096,False,False,False,False,False,False,False,False,False,False,False,False,False,False,False,False,False,False,False,False,False,True,False,False,True,False,False,False,False,False,False,False,False,False,False,False,False,True,False,False,False,False,False,False
2025-11-03,PROD_015,Salomon Speedcross 5 GTX,Outdoor,Zapatillas Trail,150,True,,150.0,,2025,0,11,Noviembre,3,Lunes,False,False,False,False,True,307,45,,,,,,,,,0.0,150.02333333333334,0.9998444686382117,False,False,False,False,False,False,False,False,False,False,False,False,False,False,False,False,False,False,False,False,True,False,False,False,False,True,False,False,False,False,False,False,False,False,False,False,False,False,False,False,False,False,False,True
2025-11-03,PROD_016,Trek Marlin 7,Outdoor,Bicicleta Montaña,830,True,,830.0,,2025,0,11,Noviembre,3,Lunes,False,False,False,False,True,307,45,,,,,,,,,0.0,758.0799999999999,1.0948712536935417,False,False,False,False,False,False,False,False,False,False,False,False,False,False,False,False,False,False,False,False,False,False,False,True,False,True,False,False,False,False,True,False,False,False,False,False,False,False,False,False,False,False,False,False
2025-11-03,PROD_017,The North Face Borealis,Outdoor,Mochila Trekking,95,False,,95.9,,2025,0,11,Noviembre,3,Lunes,False,False,False,False,True,307,45,,,,,,,,,-0.0094736842105263,93.41000000000001,1.0266566748742103,False,False,False,False,False,False,False,False,False,False,False,False,False,False,False,False,False,False,False,False,False,False,True,False,False,True,False,False,False,False,False,False,False,False,False,False,True,False,False,False,False,False,False,False
2025-11-03,PROD_018,Columbia Silver Ridge,Outdoor,Ropa Montaña,70,False,,69.89,,2025,0,11,Noviembre,3,Lunes,False,False,False,False,True,307,45,,,,,,,,,0.001571428571428557,65.71333333333332,1.0635588921578576,False,False,False,False,True,False,False,False,False,False,False,False,False,False,False,False,False,False,False,False,False,False,False,False,False,True,False,False,False,False,False,False,False,False,False,False,False,False,False,False,True,False,False,False
2025-11-03,PROD_019,Merrell Moab 2 GTX,Outdoor,Zapatillas Trail,110,False,,109.16,,2025,0,11,Noviembre,3,Lunes,False,False,False,False,True,307,45,,,,,,,,,0.007636363636363663,108.19000000000001,1.0089657084758294,False,False,False,False,False,False,False,False,False,False,False,False,True,False,False,False,False,False,False,False,False,False,False,False,False,True,False,False,False,False,False,False,False,False,False,False,False,False,False,False,False,False,False,True
2025-11-03,PROD_020,Quechua MH500,Outdoor,Ropa Montaña,80,False,,81.05,,2025,0,11,Noviembre,3,Lunes,False,False,False,False,True,307,45,,,,,,,,,-0.013125000000000053,79.56333333333333,1.018685324060497,False,False,False,False,False,False,False,False,False,False,False,False,False,False,False,False,False,True,False,False,False,False,False,False,False,True,False,False,False,False,False,False,False,False,False,False,False,False,False,False,True,False,False,False
2025-11-03,PROD_021,Manduka PRO Yoga Mat,Wellness,Esterilla Yoga,130,True,,130.0,,2025,0,11,Noviembre,3,Lunes,False,False,False,False,True,307,45,,,,,,,,,0.0,130.21333333333334,0.9983616629121441,False,False,False,False,False,False,False,False,False,False,False,True,False,False,False,False,False,False,False,False,False,False,False,False,False,False,False,True,False,False,False,False,False,False,True,False,False,False,False,False,False,False,False,False
2025-11-03,PROD_022,Gaiam Premium Yoga Block,Wellness,Bloque Yoga,20,False,,20.27,,2025,0,11,Noviembre,3,Lunes,False,False,False,False,True,307,45,,,,,,,,,-0.013500000000000068,18.473333333333333,1.0972573078311079,False,False,False,False,False,False,False,False,True,False,False,False,False,False,False,False,False,False,False,False,False,False,False,False,False,False,False,True,False,False,False,True,False,False,False,False,False,False,False,False,False,False,False,False
2025-11-03,PROD_023,Liforme Yoga Pad,Wellness,Rodillera Yoga,35,False,,34.59,,2025,0,11,Noviembre,3,Lunes,False,False,False,False,True,307,45,,,,,,,,,0.011714285714285566,34.04,1.0161574618096358,False,False,False,False,False,False,False,False,False,True,False,False,False,False,False,False,False,False,False,False,False,False,False,False,False,False,False,True,False,False,False,False,False,False,False,False,False,False,False,True,False,False,False,False
2025-11-03,PROD_024,Lotuscrafts Yoga Bolster,Wellness,Cojín Yoga,50,False,,49.18,,2025,0,11,Noviembre,3,Lunes,False,False,False,False,True,307,45,,,,,,,,,0.01639999999999997,49.75,0.9885427135678392,False,False,False,False,False,False,False,False,False,False,True,False,False,False,False,False,False,False,False,False,False,False,False,False,False,False,False,True,False,False,False,False,True,False,False,False,False,False,False,False,False,False,False,False
2025-11-04,PROD_001,Nike Air Zoom Pegasus 40,Running,Zapatillas Running,115,True,,115.0,,2025,1,11,Noviembre,4,Martes,False,False,False,False,True,308,45,,,,,,,,,0.0,105.55333333333333,1.0894966209814945,False,False,False,False,False,False,False,False,False,False,False,False,False,False,True,False,False,False,False,False,False,False,False,False,False,False,True,False,False,False,False,False,False,False,False,False,False,False,False,False,False,False,True,False
2025-11-04,PROD_002,Adidas Ultraboost 23,Running,Zapatillas Running,135,True,,135.0,,2025,1,11,Noviembre,4,Martes,False,False,False,False,True,308,45,,,,,,,,,0.0,121.64666666666666,1.109771469282622,False,True,False,False,False,False,False,False,False,False,False,False,False,False,False,False,False,False,False,False,False,False,False,False,False,False,True,False,False,False,False,False,False,False,False,False,False,False,False,False,False,False,True,False
2025-11-04,PROD_003,Asics Gel Nimbus 25,Running,Zapatillas Running,85,False,,86.12,,2025,1,11,Noviembre,4,Martes,False,False,False,False,True,308,45,,,,,,,,,-0.013176470588235345,79.06666666666666,1.0892074198988198,False,False,True,False,False,False,False,False,False,False,False,False,False,False,False,False,False,False,False,False,False,False,False,False,False,False,True,False,False,False,False,False,False,False,False,False,False,False,False,False,False,False,True,False
2025-11-04,PROD_004,New Balance Fresh Foam X 1080v12,Running,Zapatillas Running,75,False,,76.4,,2025,1,11,Noviembre,4,Martes,False,False,False,False,True,308,45,,,,,,,,,-0.01866666666666683,69.64,1.0970706490522688,False,False,False,False,False,False,False,False,False,False,False,False,False,True,False,False,False,False,False,False,False,False,False,False,False,False,True,False,False,False,False,False,False,False,False,False,False,False,False,False,False,False,True,False
2025-11-04,PROD_005,Nike Dri-FIT Miler,Running,Ropa Running,35,False,,34.5,,2025,1,11,Noviembre,4,Martes,False,False,False,False,True,308,45,,,,,,,,,0.014285714285714235,34.51,0.999710228919154,False,False,False,False,False,False,False,False,False,False,False,False,False,False,False,True,False,False,False,False,False,False,False,False,False,False,True,False,False,False,False,False,False,False,False,False,False,False,False,False,False,True,False,False
2025-11-04,PROD_006,Adidas Own The Run Jacket,Running,Ropa Running,65,False,,64.68,,2025,1,11,Noviembre,4,Martes,False,False,False,False,True,308,45,,,,,,,,,0.004923076923076808,62.74666666666667,1.0308117297067574,True,False,False,False,False,False,False,False,False,False,False,False,False,False,False,False,False,False,False,False,False,False,False,False,False,False,True,False,False,False,False,False,False,False,False,False,False,False,False,False,False,True,False,False
2025-11-04,PROD_007,Puma Velocity Nitro 2,Running,Zapatillas Running,70,False,,70.1,,2025,1,11,Noviembre,4,Martes,False,False,False,False,True,308,45,,,,,,,,,-0.0014285714285713347,66.18666666666667,1.059125705076551,False,False,False,False,False,False,False,False,False,False,False,False,False,False,False,False,True,False,False,False,False,False,False,False,False,False,True,False,False,False,False,False,False,False,False,False,False,False,False,False,False,False,True,False
2025-11-04,PROD_008,Reebok Floatride Energy 5,Running,Zapatillas Running,65,False,,65.41,,2025,1,11,Noviembre,4,Martes,False,False,False,False,True,308,45,,,,,,,,,-0.0063076923076923475,64.21,1.0186886777760473,False,False,False,False,False,False,False,False,False,False,False,False,False,False,False,False,False,False,True,False,False,False,False,False,False,False,True,False,False,False,False,False,False,False,False,False,False,False,False,False,False,False,True,False
2025-11-04,PROD_009,Bowflex SelectTech 552,Fitness,Mancuernas Ajustables,400,True,,400.0,,2025,1,11,Noviembre,4,Martes,False,False,False,False,True,308,45,,,,,,,,,0.0,357.8233333333333,1.1178700848649707,False,False,False,True,False,False,False,False,False,False,False,False,False,False,False,False,False,False,False,False,False,False,False,False,True,False,False,False,False,False,False,False,False,False,False,True,False,False,False,False,False,False,False,False
2025-11-04,PROD_010,Domyos BM900,Fitness,Banco Gimnasio,175,True,,175.0,,2025,1,11,Noviembre,4,Martes,False,False,False,False,True,308,45,,,,,,,,,0.0,169.78,1.0307456708681824,False,False,False,False,False,False,True,False,False,False,False,False,False,False,False,False,False,False,False,False,False,False,False,False,True,False,False,False,True,False,False,False,False,False,False,False,False,False,False,False,False,False,False,False
2025-11-04,PROD_011,Reebok Professional Deck,Fitness,Esterilla Fitness,45,False,,45.33,,2025,1,11,Noviembre,4,Martes,False,False,False,False,True,308,45,,,,,,,,,-0.007333333333333192,42.60666666666666,1.0639180097011423,False,False,False,False,False,False,False,False,False,False,False,False,False,False,False,False,False,False,False,True,False,False,False,False,True,False,False,False,False,False,False,False,False,True,False,False,False,False,False,False,False,False,False,False
2025-11-04,PROD_012,Domyos Kit Mancuernas 20kg,Fitness,Pesas Casa,55,False,,54.06,,2025,1,11,Noviembre,4,Martes,False,False,False,False,True,308,45,,,,,,,,,0.017090909090909046,53.416666666666664,1.01204368174727,False,False,False,False,False,False,False,True,False,False,False,False,False,False,False,False,False,False,False,False,False,False,False,False,True,False,False,False,False,False,False,False,False,False,False,False,False,False,True,False,False,False,False,False
2025-11-04,PROD_013,Decathlon Bandas Elásticas Set,Fitness,Bandas Elásticas,25,False,,25.24,,2025,1,11,Noviembre,4,Martes,False,False,False,False,True,308,45,,,,,,,,,-0.009599999999999831,24.383333333333336,1.0351332877648665,False,False,False,False,False,True,False,False,False,False,False,False,False,False,False,False,False,False,False,False,False,False,False,False,True,False,False,False,False,True,False,False,False,False,False,False,False,False,False,False,False,False,False,False
2025-11-04,PROD_014,Sveltus Kettlebell 12kg,Fitness,Pesa Rusa,40,False,,39.96,,2025,1,11,Noviembre,4,Martes,False,False,False,False,True,308,45,,,,,,,,,0.0010000000000000009,37.916666666666664,1.05389010989011,False,False,False,False,False,False,False,False,False,False,False,False,False,False,False,False,False,False,False,False,False,True,False,False,True,False,False,False,False,False,False,False,False,False,False,False,False,True,False,False,False,False,False,False
2025-11-04,PROD_015,Salomon Speedcross 5 GTX,Outdoor,Zapatillas Trail,150,True,,150.0,,2025,1,11,Noviembre,4,Martes,False,False,False,False,True,308,45,,,,,,,,,0.0,140.00333333333336,1.0714030618318608,False,False,False,False,False,False,False,False,False,False,False,False,False,False,False,False,False,False,False,False,True,False,False,False,False,True,False,False,False,False,False,False,False,False,False,False,False,False,False,False,False,False,False,True
2025-11-04,PROD_016,Trek Marlin 7,Outdoor,Bicicleta Montaña,830,True,,830.0,,2025,1,11,Noviembre,4,Martes,False,False,False,False,True,308,45,,,,,,,,,0.0,779.36,1.0649763908848286,False,False,False,False,False,False,False,False,False,False,False,False,False,False,False,False,False,False,False,False,False,False,False,True,False,True,False,False,False,False,True,False,False,False,False,False,False,False,False,False,False,False,False,False
2025-11-04,PROD_017,The North Face Borealis,Outdoor,Mochila Trekking,95,False,,93.55,,2025,1,11,Noviembre,4,Martes,False,False,False,False,True,308,45,,,,,,,,,0.015263157894736867,93.56666666666666,0.9998218738867118,False,False,False,False,False,False,False,False,False,False,False,False,False,False,False,False,False,False,False,False,False,False,True,False,False,True,False,False,False,False,False,False,False,False,False,False,True,False,False,False,False,False,False,False
2025-11-04,PROD_018,Columbia Silver Ridge,Outdoor,Ropa Montaña,70,False,,70.92,,2025,1,11,Noviembre,4,Martes,False,False,False,False,True,308,45,,,,,,,,,-0.013142857142857123,67.02,1.0581915846016114,False,False,False,False,True,False,False,False,False,False,False,False,False,False,False,False,False,False,False,False,False,False,False,False,False,True,False,False,False,False,False,False,False,False,False,False,False,False,False,False,True,False,False,False
2025-11-04,PROD_019,Merrell Moab 2 GTX,Outdoor,Zapatillas Trail,110,False,,108.3,,2025,1,11,Noviembre,4,Martes,False,False,False,False,True,308,45,,,,,,,,,0.015454545454545499,104.15333333333335,1.0398130960762975,False,False,False,False,False,False,False,False,False,False,False,False,True,False,False,False,False,False,False,False,False,False,False,False,False,True,False,False,False,False,False,False,False,False,False,False,False,False,False,False,False,False,False,True
2025-11-04,PROD_020,Quechua MH500,Outdoor,Ropa Montaña,80,False,,81.46,,2025,1,11,Noviembre,4,Martes,False,False,False,False,True,308,45,,,,,,,,,-0.018249999999999877,76.86666666666666,1.0597571552471812,False,False,False,False,False,False,False,False,False,False,False,False,False,False,False,False,False,True,False,False,False,False,False,False,False,True,False,False,False,False,False,False,False,False,False,False,False,False,False,False,True,False,False,False
2025-11-04,PROD_021,Manduka PRO Yoga Mat,Wellness,Esterilla Yoga,130,True,,130.0,,2025,1,11,Noviembre,4,Martes,False,False,False,False,True,308,45,,,,,,,,,0.0,122.14333333333333,1.0643233359713997,False,False,False,False,False,False,False,False,False,False,False,True,False,False,False,False,False,False,False,False,False,False,False,False,False,False,False,True,False,False,False,False,False,False,True,False,False,False,False,False,False,False,False,False
2025-11-04,PROD_022,Gaiam Premium Yoga Block,Wellness,Bloque Yoga,20,False,,20.02,,2025,1,11,Noviembre,4,Martes,False,False,False,False,True,308,45,,,,,,,,,-0.0009999999999998899,19.319999999999997,1.0362318840579712,False,False,False,False,False,False,False,False,True,False,False,False,False,False,False,False,False,False,False,False,False,False,False,False,False,False,False,True,False,False,False,True,False,False,False,False,False,False,False,False,False,False,False,False
2025-11-04,PROD_023,Liforme Yoga Pad,Wellness,Rodillera Yoga,35,False,,34.87,,2025,1,11,Noviembre,4,Martes,False,False,False,False,True,308,45,,,,,,,,,0.003714285714285781,34.91,0.9988541965052994,False,False,False,False,False,False,False,False,False,True,False,False,False,False,False,False,False,False,False,False,False,False,False,False,False,False,False,True,False,False,False,False,False,False,False,False,False,False,False,True,False,False,False,False
2025-11-04,PROD_024,Lotuscrafts Yoga Bolster,Wellness,Cojín Yoga,50,False,,49.03,,2025,1,11,Noviembre,4,Martes,False,False,False,False,True,308,45,,,,,,,,,0.019399999999999973,50.419999999999995,0.972431574771916,False,False,False,False,False,False,False,False,False,False,True,False,False,False,False,False,False,False,False,False,False,False,False,False,False,False,False,True,False,False,False,False,True,False,False,False,False,False,False,False,False,False,False,False
2025-11-05,PROD_001,Nike Air Zoom Pegasus 40,Running,Zapatillas Running,115,True,,115.0,,2025,2,11,Noviembre,5,Miércoles,False,False,False,False,True,309,45,,,,,,,,,0.0,100.27666666666666,1.146827111657747,False,False,False,False,False,False,False,False,False,False,False,False,False,False,True,False,False,False,False,False,False,False,False,False,False,False,True,False,False,False,False,False,False,False,False,False,False,False,False,False,False,False,True,False
2025-11-05,PROD_002,Adidas Ultraboost 23,Running,Zapatillas Running,135,True,,135.0,,2025,2,11,Noviembre,5,Miércoles,False,False,False,False,True,309,45,,,,,,,,,0.0,120.42,1.1210762331838564,False,True,False,False,False,False,False,False,False,False,False,False,False,False,False,False,False,False,False,False,False,False,False,False,False,False,True,False,False,False,False,False,False,False,False,False,False,False,False,False,False,False,True,False
2025-11-05,PROD_003,Asics Gel Nimbus 25,Running,Zapatillas Running,85,False,,85.15,,2025,2,11,Noviembre,5,Miércoles,False,False,False,False,True,309,45,,,,,,,,,-0.0017647058823531125,81.75,1.0415902140672784,False,False,True,False,False,False,False,False,False,False,False,False,False,False,False,False,False,False,False,False,False,False,False,False,False,False,True,False,False,False,False,False,False,False,False,False,False,False,False,False,False,False,True,False
2025-11-05,PROD_004,New Balance Fresh Foam X 1080v12,Running,Zapatillas Running,75,False,,74.01,,2025,2,11,Noviembre,5,Miércoles,False,False,False,False,True,309,45,,,,,,,,,0.013199999999999878,74.24,0.9969019396551726,False,False,False,False,False,False,False,False,False,False,False,False,False,True,False,False,False,False,False,False,False,False,False,False,False,False,True,False,False,False,False,False,False,False,False,False,False,False,False,False,False,False,True,False
2025-11-05,PROD_005,Nike Dri-FIT Miler,Running,Ropa Running,35,False,,34.44,,2025,2,11,Noviembre,5,Miércoles,False,False,False,False,True,309,45,,,,,,,,,0.016000000000000014,33.64666666666667,1.0235783633841886,False,False,False,False,False,False,False,False,False,False,False,False,False,False,False,True,False,False,False,False,False,False,False,False,False,False,True,False,False,False,False,False,False,False,False,False,False,False,False,False,False,True,False,False
2025-11-05,PROD_006,Adidas Own The Run Jacket,Running,Ropa Running,65,False,,65.75,,2025,2,11,Noviembre,5,Miércoles,False,False,False,False,True,309,45,,,,,,,,,-0.011538461538461497,63.169999999999995,1.0408421719170493,True,False,False,False,False,False,False,False,False,False,False,False,False,False,False,False,False,False,False,False,False,False,False,False,False,False,True,False,False,False,False,False,False,False,False,False,False,False,False,False,False,True,False,False
2025-11-05,PROD_007,Puma Velocity Nitro 2,Running,Zapatillas Running,70,False,,69.57,,2025,2,11,Noviembre,5,Miércoles,False,False,False,False,True,309,45,,,,,,,,,0.006142857142857228,68.40333333333332,1.017055699040008,False,False,False,False,False,False,False,False,False,False,False,False,False,False,False,False,True,False,False,False,False,False,False,False,False,False,True,False,False,False,False,False,False,False,False,False,False,False,False,False,False,False,True,False
2025-11-05,PROD_008,Reebok Floatride Energy 5,Running,Zapatillas Running,65,False,,64.28,,2025,2,11,Noviembre,5,Miércoles,False,False,False,False,True,309,45,,,,,,,,,0.011076923076923095,61.66,1.0424910801167695,False,False,False,False,False,False,False,False,False,False,False,False,False,False,False,False,False,False,True,False,False,False,False,False,False,False,True,False,False,False,False,False,False,False,False,False,False,False,False,False,False,False,True,False
2025-11-05,PROD_009,Bowflex SelectTech 552,Fitness,Mancuernas Ajustables,400,True,,400.0,,2025,2,11,Noviembre,5,Miércoles,False,False,False,False,True,309,45,,,,,,,,,0.0,369.05999999999995,1.0838346068389966,False,False,False,True,False,False,False,False,False,False,False,False,False,False,False,False,False,False,False,False,False,False,False,False,True,False,False,False,False,False,False,False,False,False,False,True,False,False,False,False,False,False,False,False
2025-11-05,PROD_010,Domyos BM900,Fitness,Banco Gimnasio,175,True,,175.0,,2025,2,11,Noviembre,5,Miércoles,False,False,False,False,True,309,45,,,,,,,,,0.0,168.39333333333335,1.0392335405202104,False,False,False,False,False,False,True,False,False,False,False,False,False,False,False,False,False,False,False,False,False,False,False,False,True,False,False,False,True,False,False,False,False,False,False,False,False,False,False,False,False,False,False,False
2025-11-05,PROD_011,Reebok Professional Deck,Fitness,Esterilla Fitness,45,False,,45.89,,2025,2,11,Noviembre,5,Miércoles,False,False,False,False,True,309,45,,,,,,,,,-0.019777777777777894,41.85333333333333,1.0964479133482001,False,False,False,False,False,False,False,False,False,False,False,False,False,False,False,False,False,False,False,True,False,False,False,False,True,False,False,False,False,False,False,False,False,True,False,False,False,False,False,False,False,False,False,False
2025-11-05,PROD_012,Domyos Kit Mancuernas 20kg,Fitness,Pesas Casa,55,False,,54.85,,2025,2,11,Noviembre,5,Miércoles,False,False,False,False,True,309,45,,,,,,,,,0.0027272727272726893,52.29333333333333,1.0488908720040797,False,False,False,False,False,False,False,True,False,False,False,False,False,False,False,False,False,False,False,False,False,False,False,False,True,False,False,False,False,False,False,False,False,False,False,False,False,False,True,False,False,False,False,False
2025-11-05,PROD_013,Decathlon Bandas Elásticas Set,Fitness,Bandas Elásticas,25,False,,24.6,,2025,2,11,Noviembre,5,Miércoles,False,False,False,False,True,309,45,,,,,,,,,0.015999999999999903,24.47666666666667,1.0050388124744654,False,False,False,False,False,True,False,False,False,False,False,False,False,False,False,False,False,False,False,False,False,False,False,False,True,False,False,False,False,True,False,False,False,False,False,False,False,False,False,False,False,False,False,False
2025-11-05,PROD_014,Sveltus Kettlebell 12kg,Fitness,Pesa Rusa,40,False,,40.63,,2025,2,11,Noviembre,5,Miércoles,False,False,False,False,True,309,45,,,,,,,,,-0.015750000000000153,38.60333333333333,1.0524997841291772,False,False,False,False,False,False,False,False,False,False,False,False,False,False,False,False,False,False,False,False,False,True,False,False,True,False,False,False,False,False,False,False,False,False,False,False,False,True,False,False,False,False,False,False
2025-11-05,PROD_015,Salomon Speedcross 5 GTX,Outdoor,Zapatillas Trail,150,True,,150.0,,2025,2,11,Noviembre,5,Miércoles,False,False,False,False,True,309,45,,,,,,,,,0.0,141.77666666666667,1.0580020219594197,False,False,False,False,False,False,False,False,False,False,False,False,False,False,False,False,False,False,False,False,True,False,False,False,False,True,False,False,False,False,False,False,False,False,False,False,False,False,False,False,False,False,False,True
2025-11-05,PROD_016,Trek Marlin 7,Outdoor,Bicicleta Montaña,830,True,,830.0,,2025,2,11,Noviembre,5,Miércoles,False,False,False,False,True,309,45,,,,,,,,,0.0,790.2533333333332,1.0502961075773172,False,False,False,False,False,False,False,False,False,False,False,False,False,False,False,False,False,False,False,False,False,False,False,True,False,True,False,False,False,False,True,False,False,False,False,False,False,False,False,False,False,False,False,False
2025-11-05,PROD_017,The North Face Borealis,Outdoor,Mochila Trekking,95,False,,94.56,,2025,2,11,Noviembre,5,Miércoles,False,False,False,False,True,309,45,,,,,,,,,0.004631578947368431,95.88,0.986232790988736,False,False,False,False,False,False,False,False,False,False,False,False,False,False,False,False,False,False,False,False,False,False,True,False,False,True,False,False,False,False,False,False,False,False,False,False,True,False,False,False,False,False,False,False
2025-11-05,PROD_018,Columbia Silver Ridge,Outdoor,Ropa Montaña,70,False,,68.88,,2025,2,11,Noviembre,5,Miércoles,False,False,False,False,True,309,45,,,,,,,,,0.016000000000000014,67.74666666666667,1.0167289903562289,False,False,False,False,True,False,False,False,False,False,False,False,False,False,False,False,False,False,False,False,False,False,False,False,False,True,False,False,False,False,False,False,False,False,False,False,False,False,False,False,True,False,False,False
2025-11-05,PROD_019,Merrell Moab 2 GTX,Outdoor,Zapatillas Trail,110,False,,109.42,,2025,2,11,Noviembre,5,Miércoles,False,False,False,False,True,309,45,,,,,,,,,0.005272727272727207,104.90666666666665,1.043022369089985,False,False,False,False,False,False,False,False,False,False,False,False,True,False,False,False,False,False,False,False,False,False,False,False,False,True,False,False,False,False,False,False,False,False,False,False,False,False,False,False,False,False,False,True
2025-11-05,PROD_020,Quechua MH500,Outdoor,Ropa Montaña,80,False,,81.11,,2025,2,11,Noviembre,5,Miércoles,False,False,False,False,True,309,45,,,,,,,,,-0.013875000000000082,79.89999999999999,1.0151439299123906,False,False,False,False,False,False,False,False,False,False,False,False,False,False,False,False,False,True,False,False,False,False,False,False,False,True,False,False,False,False,False,False,False,False,False,False,False,False,False,False,True,False,False,False
2025-11-05,PROD_021,Manduka PRO Yoga Mat,Wellness,Esterilla Yoga,130,True,,130.0,,2025,2,11,Noviembre,5,Miércoles,False,False,False,False,True,309,45,,,,,,,,,0.0,124.18333333333334,1.046839350422762,False,False,False,False,False,False,False,False,False,False,False,True,False,False,False,False,False,False,False,False,False,False,False,False,False,False,False,True,False,False,False,False,False,False,True,False,False,False,False,False,False,False,False,False
2025-11-05,PROD_022,Gaiam Premium Yoga Block,Wellness,Bloque Yoga,20,False,,19.97,,2025,2,11,Noviembre,5,Miércoles,False,False,False,False,True,309,45,,,,,,,,,0.0015000000000000568,19.213333333333335,1.0393823733518388,False,False,False,False,False,False,False,False,True,False,False,False,False,False,False,False,False,False,False,False,False,False,False,False,False,False,False,True,False,False,False,True,False,False,False,False,False,False,False,False,False,False,False,False
2025-11-05,PROD_023,Liforme Yoga Pad,Wellness,Rodillera Yoga,35,False,,35.38,,2025,2,11,Noviembre,5,Miércoles,False,False,False,False,True,309,45,,,,,,,,,-0.010857142857142899,33.19,1.0659837300391686,False,False,False,False,False,False,False,False,False,True,False,False,False,False,False,False,False,False,False,False,False,False,False,False,False,False,False,True,False,False,False,False,False,False,False,False,False,False,False,True,False,False,False,False
2025-11-05,PROD_024,Lotuscrafts Yoga Bolster,Wellness,Cojín Yoga,50,False,,50.22,,2025,2,11,Noviembre,5,Miércoles,False,False,False,False,True,309,45,,,,,,,,,-0.0043999999999999595,47.56333333333333,1.0558553507603896,False,False,False,False,False,False,False,False,False,False,True,False,False,False,False,False,False,False,False,False,False,False,False,False,False,False,False,True,False,False,False,False,True,False,False,False,False,False,False,False,False,False,False,False
2025-11-06,PROD_001,Nike Air Zoom Pegasus 40,Running,Zapatillas Running,115,True,,115.0,,2025,3,11,Noviembre,6,Jueves,False,False,False,False,True,310,45,,,,,,,,,0.0,103.12333333333333,1.115169538093545,False,False,False,False,False,False,False,False,False,False,False,False,False,False,True,False,False,False,False,False,False,False,False,False,False,False,True,False,False,False,False,False,False,False,False,False,False,False,False,False,False,False,True,False
2025-11-06,PROD_002,Adidas Ultraboost 23,Running,Zapatillas Running,135,True,,135.0,,2025,3,11,Noviembre,6,Jueves,False,False,False,False,True,310,45,,,,,,,,,0.0,119.23,1.1322653694539964,False,True,False,False,False,False,False,False,False,False,False,False,False,False,False,False,False,False,False,False,False,False,False,False,False,False,True,False,False,False,False,False,False,False,False,False,False,False,False,False,False,False,True,False
2025-11-06,PROD_003,Asics Gel Nimbus 25,Running,Zapatillas Running,85,False,,83.32,,2025,3,11,Noviembre,6,Jueves,False,False,False,False,True,310,45,,,,,,,,,0.019764705882353018,84.75666666666667,0.9830495142958271,False,False,True,False,False,False,False,False,False,False,False,False,False,False,False,False,False,False,False,False,False,False,False,False,False,False,True,False,False,False,False,False,False,False,False,False,False,False,False,False,False,False,True,False
2025-11-06,PROD_004,New Balance Fresh Foam X 1080v12,Running,Zapatillas Running,75,False,,75.59,,2025,3,11,Noviembre,6,Jueves,False,False,False,False,True,310,45,,,,,,,,,-0.007866666666666688,71.42,1.058387006440773,False,False,False,False,False,False,False,False,False,False,False,False,False,True,False,False,False,False,False,False,False,False,False,False,False,False,True,False,False,False,False,False,False,False,False,False,False,False,False,False,False,False,True,False
2025-11-06,PROD_005,Nike Dri-FIT Miler,Running,Ropa Running,35,False,,34.42,,2025,3,11,Noviembre,6,Jueves,False,False,False,False,True,310,45,,,,,,,,,0.01657142857142857,34.26333333333333,1.004572429224633,False,False,False,False,False,False,False,False,False,False,False,False,False,False,False,True,False,False,False,False,False,False,False,False,False,False,True,False,False,False,False,False,False,False,False,False,False,False,False,False,False,True,False,False
2025-11-06,PROD_006,Adidas Own The Run Jacket,Running,Ropa Running,65,False,,65.1,,2025,3,11,Noviembre,6,Jueves,False,False,False,False,True,310,45,,,,,,,,,-0.0015384615384614886,63.95333333333334,1.0179297404357341,True,False,False,False,False,False,False,False,False,False,False,False,False,False,False,False,False,False,False,False,False,False,False,False,False,False,True,False,False,False,False,False,False,False,False,False,False,False,False,False,False,True,False,False
2025-11-06,PROD_007,Puma Velocity Nitro 2,Running,Zapatillas Running,70,False,,68.99,,2025,3,11,Noviembre,6,Jueves,False,False,False,False,True,310,45,,,,,,,,,0.014428571428571457,64.88333333333333,1.063293090161829,False,False,False,False,False,False,False,False,False,False,False,False,False,False,False,False,True,False,False,False,False,False,False,False,False,False,True,False,False,False,False,False,False,False,False,False,False,False,False,False,False,False,True,False
2025-11-06,PROD_008,Reebok Floatride Energy 5,Running,Zapatillas Running,65,False,,63.79,,2025,3,11,Noviembre,6,Jueves,False,False,False,False,True,310,45,,,,,,,,,0.01861538461538459,62.366666666666674,1.0228220203099945,False,False,False,False,False,False,False,False,False,False,False,False,False,False,False,False,False,False,True,False,False,False,False,False,False,False,True,False,False,False,False,False,False,False,False,False,False,False,False,False,False,False,True,False
2025-11-06,PROD_009,Bowflex SelectTech 552,Fitness,Mancuernas Ajustables,400,True,,400.0,,2025,3,11,Noviembre,6,Jueves,False,False,False,False,True,310,45,,,,,,,,,0.0,368.62999999999994,1.0850988796354069,False,False,False,True,False,False,False,False,False,False,False,False,False,False,False,False,False,False,False,False,False,False,False,False,True,False,False,False,False,False,False,False,False,False,False,True,False,False,False,False,False,False,False,False
2025-11-06,PROD_010,Domyos BM900,Fitness,Banco Gimnasio,175,True,,175.0,,2025,3,11,Noviembre,6,Jueves,False,False,False,False,True,310,45,,,,,,,,,0.0,161.45666666666668,1.0838821562029026,False,False,False,False,False,False,True,False,False,False,False,False,False,False,False,False,False,False,False,False,False,False,False,False,True,False,False,False,True,False,False,False,False,False,False,False,False,False,False,False,False,False,False,False
2025-11-06,PROD_011,Reebok Professional Deck,Fitness,Esterilla Fitness,45,False,,45.35,,2025,3,11,Noviembre,6,Jueves,False,False,False,False,True,310,45,,,,,,,,,-0.007777777777777883,44.63,1.016132646202106,False,False,False,False,False,False,False,False,False,False,False,False,False,False,False,False,False,False,False,True,False,False,False,False,True,False,False,False,False,False,False,False,False,True,False,False,False,False,False,False,False,False,False,False
2025-11-06,PROD_012,Domyos Kit Mancuernas 20kg,Fitness,Pesas Casa,55,False,,55.45,,2025,3,11,Noviembre,6,Jueves,False,False,False,False,True,310,45,,,,,,,,,-0.00818181818181829,52.620000000000005,1.0537818320030405,False,False,False,False,False,False,False,True,False,False,False,False,False,False,False,False,False,False,False,False,False,False,False,False,True,False,False,False,False,False,False,False,False,False,False,False,False,False,True,False,False,False,False,False
2025-11-06,PROD_013,Decathlon Bandas Elásticas Set,Fitness,Bandas Elásticas,25,False,,24.73,,2025,3,11,Noviembre,6,Jueves,False,False,False,False,True,310,45,,,,,,,,,0.010800000000000032,25.036666666666665,0.9877512980961257,False,False,False,False,False,True,False,False,False,False,False,False,False,False,False,False,False,False,False,False,False,False,False,False,True,False,False,False,False,True,False,False,False,False,False,False,False,False,False,False,False,False,False,False
2025-11-06,PROD_014,Sveltus Kettlebell 12kg,Fitness,Pesa Rusa,40,False,,39.9,,2025,3,11,Noviembre,6,Jueves,False,False,False,False,True,310,45,,,,,,,,,0.0025000000000000577,40.12,0.9945164506480558,False,False,False,False,False,False,False,False,False,False,False,False,False,False,False,False,False,False,False,False,False,True,False,False,True,False,False,False,False,False,False,False,False,False,False,False,False,True,False,False,False,False,False,False
2025-11-06,PROD_015,Salomon Speedcross 5 GTX,Outdoor,Zapatillas Trail,150,True,,150.0,,2025,3,11,Noviembre,6,Jueves,False,False,False,False,True,310,45,,,,,,,,,0.0,143.51,1.045223329384712,False,False,False,False,False,False,False,False,False,False,False,False,False,False,False,False,False,False,False,False,True,False,False,False,False,True,False,False,False,False,False,False,False,False,False,False,False,False,False,False,False,False,False,True
2025-11-06,PROD_016,Trek Marlin 7,Outdoor,Bicicleta Montaña,830,True,,830.0,,2025,3,11,Noviembre,6,Jueves,False,False,False,False,True,310,45,,,,,,,,,0.0,758.02,1.0949579166776602,False,False,False,False,False,False,False,False,False,False,False,False,False,False,False,False,False,False,False,False,False,False,False,True,False,True,False,False,False,False,True,False,False,False,False,False,False,False,False,False,False,False,False,False
2025-11-06,PROD_017,The North Face Borealis,Outdoor,Mochila Trekking,95,False,,94.37,,2025,3,11,Noviembre,6,Jueves,False,False,False,False,True,310,45,,,,,,,,,0.006631578947368322,90.42666666666666,1.0436080802123269,False,False,False,False,False,False,False,False,False,False,False,False,False,False,False,False,False,False,False,False,False,False,True,False,False,True,False,False,False,False,False,False,False,False,False,False,True,False,False,False,False,False,False,False
2025-11-06,PROD_018,Columbia Silver Ridge,Outdoor,Ropa Montaña,70,False,,69.57,,2025,3,11,Noviembre,6,Jueves,False,False,False,False,True,310,45,,,,,,,,,0.006142857142857228,70.57666666666667,0.9857365512681244,False,False,False,False,True,False,False,False,False,False,False,False,False,False,False,False,False,False,False,False,False,False,False,False,False,True,False,False,False,False,False,False,False,False,False,False,False,False,False,False,True,False,False,False
2025-11-06,PROD_019,Merrell Moab 2 GTX,Outdoor,Zapatillas Trail,110,False,,108.15,,2025,3,11,Noviembre,6,Jueves,False,False,False,False,True,310,45,,,,,,,,,0.016818181818181732,107.07333333333334,1.0100554137351347,False,False,False,False,False,False,False,False,False,False,False,False,True,False,False,False,False,False,False,False,False,False,False,False,False,True,False,False,False,False,False,False,False,False,False,False,False,False,False,False,False,False,False,True
2025-11-06,PROD_020,Quechua MH500,Outdoor,Ropa Montaña,80,False,,80.03,,2025,3,11,Noviembre,6,Jueves,False,False,False,False,True,310,45,,,,,,,,,-0.0003750000000000142,78.50333333333333,1.0194471572332386,False,False,False,False,False,False,False,False,False,False,False,False,False,False,False,False,False,True,False,False,False,False,False,False,False,True,False,False,False,False,False,False,False,False,False,False,False,False,False,False,True,False,False,False
2025-11-06,PROD_021,Manduka PRO Yoga Mat,Wellness,Esterilla Yoga,130,True,,130.0,,2025,3,11,Noviembre,6,Jueves,False,False,False,False,True,310,45,,,,,,,,,0.0,126.63333333333334,1.0265859436693867,False,False,False,False,False,False,False,False,False,False,False,True,False,False,False,False,False,False,False,False,False,False,False,False,False,False,False,True,False,False,False,False,False,False,True,False,False,False,False,False,False,False,False,False
2025-11-06,PROD_022,Gaiam Premium Yoga Block,Wellness,Bloque Yoga,20,False,,20.22,,2025,3,11,Noviembre,6,Jueves,False,False,False,False,True,310,45,,,,,,,,,-0.010999999999999899,20.169999999999998,1.0024789291026277,False,False,False,False,False,False,False,False,True,False,False,False,False,False,False,False,False,False,False,False,False,False,False,False,False,False,False,True,False,False,False,True,False,False,False,False,False,False,False,False,False,False,False,False
2025-11-06,PROD_023,Liforme Yoga Pad,Wellness,Rodillera Yoga,35,False,,35.53,,2025,3,11,Noviembre,6,Jueves,False,False,False,False,True,310,45,,,,,,,,,-0.015142857142857125,32.82333333333333,1.0824616634507973,False,False,False,False,False,False,False,False,False,True,False,False,False,False,False,False,False,False,False,False,False,False,False,False,False,False,False,True,False,False,False,False,False,False,False,False,False,False,False,True,False,False,False,False
2025-11-06,PROD_024,Lotuscrafts Yoga Bolster,Wellness,Cojín Yoga,50,False,,50.89,,2025,3,11,Noviembre,6,Jueves,False,False,False,False,True,310,45,,,,,,,,,-0.017800000000000038,48.696666666666665,1.04504072831816,False,False,False,False,False,False,False,False,False,False,True,False,False,False,False,False,False,False,False,False,False,False,False,False,False,False,False,True,False,False,False,False,True,False,False,False,False,False,False,False,False,False,False,False
2025-11-07,PROD_001,Nike Air Zoom Pegasus 40,Running,Zapatillas Running,115,True,,115.0,,2025,4,11,Noviembre,7,Viernes,False,False,False,False,True,311,45,,,,,,,,,0.0,100.01333333333332,1.1498466871083857,False,False,False,False,False,False,False,False,False,False,False,False,False,False,True,False,False,False,False,False,False,False,False,False,False,False,True,False,False,False,False,False,False,False,False,False,False,False,False,False,False,False,True,False
2025-11-07,PROD_002,Adidas Ultraboost 23,Running,Zapatillas Running,135,True,,135.0,,2025,4,11,Noviembre,7,Viernes,False,False,False,False,True,311,45,,,,,,,,,0.0,118.77999999999999,1.1365549755851154,False,True,False,False,False,False,False,False,False,False,False,False,False,False,False,False,False,False,False,False,False,False,False,False,False,False,True,False,False,False,False,False,False,False,False,False,False,False,False,False,False,False,True,False
2025-11-07,PROD_003,Asics Gel Nimbus 25,Running,Zapatillas Running,85,False,,85.78,,2025,4,11,Noviembre,7,Viernes,False,False,False,False,True,311,45,,,,,,,,,-0.009176470588235341,81.14333333333333,1.057141683440825,False,False,True,False,False,False,False,False,False,False,False,False,False,False,False,False,False,False,False,False,False,False,False,False,False,False,True,False,False,False,False,False,False,False,False,False,False,False,False,False,False,False,True,False
2025-11-07,PROD_004,New Balance Fresh Foam X 1080v12,Running,Zapatillas Running,75,False,,76.13,,2025,4,11,Noviembre,7,Viernes,False,False,False,False,True,311,45,,,,,,,,,-0.015066666666666562,72.55333333333333,1.0492970688229348,False,False,False,False,False,False,False,False,False,False,False,False,False,True,False,False,False,False,False,False,False,False,False,False,False,False,True,False,False,False,False,False,False,False,False,False,False,False,False,False,False,False,True,False
2025-11-07,PROD_005,Nike Dri-FIT Miler,Running,Ropa Running,35,False,,35.63,,2025,4,11,Noviembre,7,Viernes,False,False,False,False,True,311,45,,,,,,,,,-0.018000000000000016,33.49333333333333,1.0637937898089174,False,False,False,False,False,False,False,False,False,False,False,False,False,False,False,True,False,False,False,False,False,False,False,False,False,False,True,False,False,False,False,False,False,False,False,False,False,False,False,False,False,True,False,False
2025-11-07,PROD_006,Adidas Own The Run Jacket,Running,Ropa Running,65,False,,64.44,,2025,4,11,Noviembre,7,Viernes,False,False,False,False,True,311,45,,,,,,,,,0.008615384615384691,62.419999999999995,1.032361422620955,True,False,False,False,False,False,False,False,False,False,False,False,False,False,False,False,False,False,False,False,False,False,False,False,False,False,True,False,False,False,False,False,False,False,False,False,False,False,False,False,False,True,False,False
2025-11-07,PROD_007,Puma Velocity Nitro 2,Running,Zapatillas Running,70,False,,69.77,,2025,4,11,Noviembre,7,Viernes,False,False,False,False,True,311,45,,,,,,,,,0.003285714285714336,69.60333333333334,1.002394521335185,False,False,False,False,False,False,False,False,False,False,False,False,False,False,False,False,True,False,False,False,False,False,False,False,False,False,True,False,False,False,False,False,False,False,False,False,False,False,False,False,False,False,True,False
2025-11-07,PROD_008,Reebok Floatride Energy 5,Running,Zapatillas Running,65,False,,65.94,,2025,4,11,Noviembre,7,Viernes,False,False,False,False,True,311,45,,,,,,,,,-0.014461538461538526,64.17,1.0275829827021972,False,False,False,False,False,False,False,False,False,False,False,False,False,False,False,False,False,False,True,False,False,False,False,False,False,False,True,False,False,False,False,False,False,False,False,False,False,False,False,False,False,False,True,False
2025-11-07,PROD_009,Bowflex SelectTech 552,Fitness,Mancuernas Ajustables,400,True,,400.0,,2025,4,11,Noviembre,7,Viernes,False,False,False,False,True,311,45,,,,,,,,,0.0,368.9866666666667,1.0840500108405,False,False,False,True,False,False,False,False,False,False,False,False,False,False,False,False,False,False,False,False,False,False,False,False,True,False,False,False,False,False,False,False,False,False,False,True,False,False,False,False,False,False,False,False
2025-11-07,PROD_010,Domyos BM900,Fitness,Banco Gimnasio,175,True,,175.0,,2025,4,11,Noviembre,7,Viernes,False,False,False,False,True,311,45,,,,,,,,,0.0,176.7733333333333,0.9899683210137277,False,False,False,False,False,False,True,False,False,False,False,False,False,False,False,False,False,False,False,False,False,False,False,False,True,False,False,False,True,False,False,False,False,False,False,False,False,False,False,False,False,False,False,False
2025-11-07,PROD_011,Reebok Professional Deck,Fitness,Esterilla Fitness,45,False,,44.59,,2025,4,11,Noviembre,7,Viernes,False,False,False,False,True,311,45,,,,,,,,,0.00911111111111107,45.166666666666664,0.9872324723247233,False,False,False,False,False,False,False,False,False,False,False,False,False,False,False,False,False,False,False,True,False,False,False,False,True,False,False,False,False,False,False,False,False,True,False,False,False,False,False,False,False,False,False,False
2025-11-07,PROD_012,Domyos Kit Mancuernas 20kg,Fitness,Pesas Casa,55,False,,55.76,,2025,4,11,Noviembre,7,Viernes,False,False,False,False,True,311,45,,,,,,,,,-0.01381818181818173,56.43666666666667,0.9880101588801606,False,False,False,False,False,False,False,True,False,False,False,False,False,False,False,False,False,False,False,False,False,False,False,False,True,False,False,False,False,False,False,False,False,False,False,False,False,False,True,False,False,False,False,False
2025-11-07,PROD_013,Decathlon Bandas Elásticas Set,Fitness,Bandas Elásticas,25,False,,25.0,,2025,4,11,Noviembre,7,Viernes,False,False,False,False,True,311,45,,,,,,,,,0.0,24.78,1.0088781275221952,False,False,False,False,False,True,False,False,False,False,False,False,False,False,False,False,False,False,False,False,False,False,False,False,True,False,False,False,False,True,False,False,False,False,False,False,False,False,False,False,False,False,False,False
2025-11-07,PROD_014,Sveltus Kettlebell 12kg,Fitness,Pesa Rusa,40,False,,40.25,,2025,4,11,Noviembre,7,Viernes,False,False,False,False,True,311,45,,,,,,,,,-0.006250000000000089,38.89666666666667,1.0347930413917217,False,False,False,False,False,False,False,False,False,False,False,False,False,False,False,False,False,False,False,False,False,True,False,False,True,False,False,False,False,False,False,False,False,False,False,False,False,True,False,False,False,False,False,False
2025-11-07,PROD_015,Salomon Speedcross 5 GTX,Outdoor,Zapatillas Trail,150,True,,150.0,,2025,4,11,Noviembre,7,Viernes,False,False,False,False,True,311,45,,,,,,,,,0.0,140.04666666666665,1.0710715475793784,False,False,False,False,False,False,False,False,False,False,False,False,False,False,False,False,False,False,False,False,True,False,False,False,False,True,False,False,False,False,False,False,False,False,False,False,False,False,False,False,False,False,False,True
2025-11-07,PROD_016,Trek Marlin 7,Outdoor,Bicicleta Montaña,830,True,,830.0,,2025,4,11,Noviembre,7,Viernes,False,False,False,False,True,311,45,,,,,,,,,0.0,772.9366666666666,1.0738266610890932,False,False,False,False,False,False,False,False,False,False,False,False,False,False,False,False,False,False,False,False,False,False,False,True,False,True,False,False,False,False,True,False,False,False,False,False,False,False,False,False,False,False,False,False
2025-11-07,PROD_017,The North Face Borealis,Outdoor,Mochila Trekking,95,False,,95.07,,2025,4,11,Noviembre,7,Viernes,False,False,False,False,True,311,45,,,,,,,,,-0.0007368421052631469,91.7,1.036750272628135,False,False,False,False,False,False,False,False,False,False,False,False,False,False,False,False,False,False,False,False,False,False,True,False,False,True,False,False,False,False,False,False,False,False,False,False,True,False,False,False,False,False,False,False
2025-11-07,PROD_018,Columbia Silver Ridge,Outdoor,Ropa Montaña,70,False,,69.59,,2025,4,11,Noviembre,7,Viernes,False,False,False,False,True,311,45,,,,,,,,,0.005857142857142783,70.62333333333333,0.9853683862746023,False,False,False,False,True,False,False,False,False,False,False,False,False,False,False,False,False,False,False,False,False,False,False,False,False,True,False,False,False,False,False,False,False,False,False,False,False,False,False,False,True,False,False,False
2025-11-07,PROD_019,Merrell Moab 2 GTX,Outdoor,Zapatillas Trail,110,False,,110.74,,2025,4,11,Noviembre,7,Viernes,False,False,False,False,True,311,45,,,,,,,,,-0.006727272727272693,105.99000000000001,1.0448155486366637,False,False,False,False,False,False,False,False,False,False,False,False,True,False,False,False,False,False,False,False,False,False,False,False,False,True,False,False,False,False,False,False,False,False,False,False,False,False,False,False,False,False,False,True
2025-11-07,PROD_020,Quechua MH500,Outdoor,Ropa Montaña,80,False,,80.6,,2025,4,11,Noviembre,7,Viernes,False,False,False,False,True,311,45,,,,,,,,,-0.00749999999999984,78.63333333333334,1.0250105977108943,False,False,False,False,False,False,False,False,False,False,False,False,False,False,False,False,False,True,False,False,False,False,False,False,False,True,False,False,False,False,False,False,False,False,False,False,False,False,False,False,True,False,False,False
2025-11-07,PROD_021,Manduka PRO Yoga Mat,Wellness,Esterilla Yoga,130,True,,130.0,,2025,4,11,Noviembre,7,Viernes,False,False,False,False,True,311,45,,,,,,,,,0.0,123.39333333333332,1.0535415203414555,False,False,False,False,False,False,False,False,False,False,False,True,False,False,False,False,False,False,False,False,False,False,False,False,False,False,False,True,False,False,False,False,False,False,True,False,False,False,False,False,False,False,False,False
2025-11-07,PROD_022,Gaiam Premium Yoga Block,Wellness,Bloque Yoga,20,False,,20.38,,2025,4,11,Noviembre,7,Viernes,False,False,False,False,True,311,45,,,,,,,,,-0.018999999999999906,19.643333333333334,1.037502121160699,False,False,False,False,False,False,False,False,True,False,False,False,False,False,False,False,False,False,False,False,False,False,False,False,False,False,False,True,False,False,False,True,False,False,False,False,False,False,False,False,False,False,False,False
2025-11-07,PROD_023,Liforme Yoga Pad,Wellness,Rodillera Yoga,35,False,,34.48,,2025,4,11,Noviembre,7,Viernes,False,False,False,False,True,311,45,,,,,,,,,0.014857142857142902,33.059999999999995,1.042952208106473,False,False,False,False,False,False,False,False,False,True,False,False,False,False,False,False,False,False,False,False,False,False,False,False,False,False,False,True,False,False,False,False,False,False,False,False,False,False,False,True,False,False,False,False
2025-11-07,PROD_024,Lotuscrafts Yoga Bolster,Wellness,Cojín Yoga,50,False,,50.18,,2025,4,11,Noviembre,7,Viernes,False,False,False,False,True,311,45,,,,,,,,,-0.0036000000000000476,49.79666666666666,1.0076979717517907,False,False,False,False,False,False,False,False,False,False,True,False,False,False,False,False,False,False,False,False,False,False,False,False,False,False,False,True,False,False,False,False,True,False,False,False,False,False,False,False,False,False,False,False
2025-11-08,PROD_001,Nike Air Zoom Pegasus 40,Running,Zapatillas Running,115,True,,115.0,,2025,5,11,Noviembre,8,Sábado,True,False,False,False,False,312,45,,,,,,,,,0.0,101.79333333333334,1.1297399960704695,False,False,False,False,False,False,False,False,False,False,False,False,False,False,True,False,False,False,False,False,False,False,False,False,False,False,True,False,False,False,False,False,False,False,False,False,False,False,False,False,False,False,True,False
2025-11-08,PROD_002,Adidas Ultraboost 23,Running,Zapatillas Running,135,True,,135.0,,2025,5,11,Noviembre,8,Sábado,True,False,False,False,False,312,45,,,,,,,,,0.0,122.76333333333334,1.099676885063401,False,True,False,False,False,False,False,False,False,False,False,False,False,False,False,False,False,False,False,False,False,False,False,False,False,False,True,False,False,False,False,False,False,False,False,False,False,False,False,False,False,False,True,False
2025-11-08,PROD_003,Asics Gel Nimbus 25,Running,Zapatillas Running,85,False,,84.43,,2025,5,11,Noviembre,8,Sábado,True,False,False,False,False,312,45,,,,,,,,,0.006705882352941117,83.21,1.0146616993149864,False,False,True,False,False,False,False,False,False,False,False,False,False,False,False,False,False,False,False,False,False,False,False,False,False,False,True,False,False,False,False,False,False,False,False,False,False,False,False,False,False,False,True,False
2025-11-08,PROD_004,New Balance Fresh Foam X 1080v12,Running,Zapatillas Running,75,False,,75.61,,2025,5,11,Noviembre,8,Sábado,True,False,False,False,False,312,45,,,,,,,,,-0.008133333333333326,70.25333333333333,1.0762478648699942,False,False,False,False,False,False,False,False,False,False,False,False,False,True,False,False,False,False,False,False,False,False,False,False,False,False,True,False,False,False,False,False,False,False,False,False,False,False,False,False,False,False,True,False
2025-11-08,PROD_005,Nike Dri-FIT Miler,Running,Ropa Running,35,False,,34.89,,2025,5,11,Noviembre,8,Sábado,True,False,False,False,False,312,45,,,,,,,,,0.003142857142857114,34.699999999999996,1.0054755043227668,False,False,False,False,False,False,False,False,False,False,False,False,False,False,False,True,False,False,False,False,False,False,False,False,False,False,True,False,False,False,False,False,False,False,False,False,False,False,False,False,False,True,False,False
2025-11-08,PROD_006,Adidas Own The Run Jacket,Running,Ropa Running,65,False,,65.18,,2025,5,11,Noviembre,8,Sábado,True,False,False,False,False,312,45,,,,,,,,,-0.002769230769230857,61.093333333333334,1.0668921868179835,True,False,False,False,False,False,False,False,False,False,False,False,False,False,False,False,False,False,False,False,False,False,False,False,False,False,True,False,False,False,False,False,False,False,False,False,False,False,False,False,False,True,False,False
2025-11-08,PROD_007,Puma Velocity Nitro 2,Running,Zapatillas Running,70,False,,68.64,,2025,5,11,Noviembre,8,Sábado,True,False,False,False,False,312,45,,,,,,,,,0.01942857142857146,68.85333333333334,0.9969016266460108,False,False,False,False,False,False,False,False,False,False,False,False,False,False,False,False,True,False,False,False,False,False,False,False,False,False,True,False,False,False,False,False,False,False,False,False,False,False,False,False,False,False,True,False
2025-11-08,PROD_008,Reebok Floatride Energy 5,Running,Zapatillas Running,65,False,,65.86,,2025,5,11,Noviembre,8,Sábado,True,False,False,False,False,312,45,,,,,,,,,-0.013230769230769157,62.41,1.055279602627784,False,False,False,False,False,False,False,False,False,False,False,False,False,False,False,False,False,False,True,False,False,False,False,False,False,False,True,False,False,False,False,False,False,False,False,False,False,False,False,False,False,False,True,False
2025-11-08,PROD_009,Bowflex SelectTech 552,Fitness,Mancuernas Ajustables,400,True,,400.0,,2025,5,11,Noviembre,8,Sábado,True,False,False,False,False,312,45,,,,,,,,,0.0,362.81333333333333,1.1024953143949139,False,False,False,True,False,False,False,False,False,False,False,False,False,False,False,False,False,False,False,False,False,False,False,False,True,False,False,False,False,False,False,False,False,False,False,True,False,False,False,False,False,False,False,False
2025-11-08,PROD_010,Domyos BM900,Fitness,Banco Gimnasio,175,True,,175.0,,2025,5,11,Noviembre,8,Sábado,True,False,False,False,False,312,45,,,,,,,,,0.0,171.72333333333336,1.019081080031834,False,False,False,False,False,False,True,False,False,False,False,False,False,False,False,False,False,False,False,False,False,False,False,False,True,False,False,False,True,False,False,False,False,False,False,False,False,False,False,False,False,False,False,False
2025-11-08,PROD_011,Reebok Professional Deck,Fitness,Esterilla Fitness,45,False,,44.82,,2025,5,11,Noviembre,8,Sábado,True,False,False,False,False,312,45,,,,,,,,,0.0040000000000000036,43.26,1.0360610263522885,False,False,False,False,False,False,False,False,False,False,False,False,False,False,False,False,False,False,False,True,False,False,False,False,True,False,False,False,False,False,False,False,False,True,False,False,False,False,False,False,False,False,False,False
2025-11-08,PROD_012,Domyos Kit Mancuernas 20kg,Fitness,Pesas Casa,55,False,,55.81,,2025,5,11,Noviembre,8,Sábado,True,False,False,False,False,312,45,,,,,,,,,-0.0147272727272727,52.96,1.0538141993957704,False,False,False,False,False,False,False,True,False,False,False,False,False,False,False,False,False,False,False,False,False,False,False,False,True,False,False,False,False,False,False,False,False,False,False,False,False,False,True,False,False,False,False,False
2025-11-08,PROD_013,Decathlon Bandas Elásticas Set,Fitness,Bandas Elásticas,25,False,,25.19,,2025,5,11,Noviembre,8,Sábado,True,False,False,False,False,312,45,,,,,,,,,-0.007600000000000051,23.836666666666662,1.0567752761851492,False,False,False,False,False,True,False,False,False,False,False,False,False,False,False,False,False,False,False,False,False,False,False,False,True,False,False,False,False,True,False,False,False,False,False,False,False,False,False,False,False,False,False,False
2025-11-08,PROD_014,Sveltus Kettlebell 12kg,Fitness,Pesa Rusa,40,False,,40.18,,2025,5,11,Noviembre,8,Sábado,True,False,False,False,False,312,45,,,,,,,,,-0.0044999999999999485,38.75,1.0369032258064517,False,False,False,False,False,False,False,False,False,False,False,False,False,False,False,False,False,False,False,False,False,True,False,False,True,False,False,False,False,False,False,False,False,False,False,False,False,True,False,False,False,False,False,False
2025-11-08,PROD_015,Salomon Speedcross 5 GTX,Outdoor,Zapatillas Trail,150,True,,150.0,,2025,5,11,Noviembre,8,Sábado,True,False,False,False,False,312,45,,,,,,,,,0.0,146.26,1.0255709011349652,False,False,False,False,False,False,False,False,False,False,False,False,False,False,False,False,False,False,False,False,True,False,False,False,False,True,False,False,False,False,False,False,False,False,False,False,False,False,False,False,False,False,False,True
2025-11-08,PROD_016,Trek Marlin 7,Outdoor,Bicicleta Montaña,830,True,,830.0,,2025,5,11,Noviembre,8,Sábado,True,False,False,False,False,312,45,,,,,,,,,0.0,789.6833333333334,1.05105422004601,False,False,False,False,False,False,False,False,False,False,False,False,False,False,False,False,False,False,False,False,False,False,False,True,False,True,False,False,False,False,True,False,False,False,False,False,False,False,False,False,False,False,False,False
2025-11-08,PROD_017,The North Face Borealis,Outdoor,Mochila Trekking,95,False,,96.42,,2025,5,11,Noviembre,8,Sábado,True,False,False,False,False,312,45,,,,,,,,,-0.014947368421052598,89.35333333333334,1.0790867716182944,False,False,False,False,False,False,False,False,False,False,False,False,False,False,False,False,False,False,False,False,False,False,True,False,False,True,False,False,False,False,False,False,False,False,False,False,True,False,False,False,False,False,False,False
2025-11-08,PROD_018,Columbia Silver Ridge,Outdoor,Ropa Montaña,70,False,,71.34,,2025,5,11,Noviembre,8,Sábado,True,False,False,False,False,312,45,,,,,,,,,-0.019142857142857128,65.97333333333333,1.0813459983831852,False,False,False,False,True,False,False,False,False,False,False,False,False,False,False,False,False,False,False,False,False,False,False,False,False,True,False,False,False,False,False,False,False,False,False,False,False,False,False,False,True,False,False,False
2025-11-08,PROD_019,Merrell Moab 2 GTX,Outdoor,Zapatillas Trail,110,False,,110.6,,2025,5,11,Noviembre,8,Sábado,True,False,False,False,False,312,45,,,,,,,,,-0.005454545454545379,107.96333333333332,1.024421871623082,False,False,False,False,False,False,False,False,False,False,False,False,True,False,False,False,False,False,False,False,False,False,False,False,False,True,False,False,False,False,False,False,False,False,False,False,False,False,False,False,False,False,False,True
2025-11-08,PROD_020,Quechua MH500,Outdoor,Ropa Montaña,80,False,,78.83,,2025,5,11,Noviembre,8,Sábado,True,False,False,False,False,312,45,,,,,,,,,0.014624999999999999,74.44,1.0589736700698549,False,False,False,False,False,False,False,False,False,False,False,False,False,False,False,False,False,True,False,False,False,False,False,False,False,True,False,False,False,False,False,False,False,False,False,False,False,False,False,False,True,False,False,False
2025-11-08,PROD_021,Manduka PRO Yoga Mat,Wellness,Esterilla Yoga,130,True,,130.0,,2025,5,11,Noviembre,8,Sábado,True,False,False,False,False,312,45,,,,,,,,,0.0,130.05,0.9996155324875047,False,False,False,False,False,False,False,False,False,False,False,True,False,False,False,False,False,False,False,False,False,False,False,False,False,False,False,True,False,False,False,False,False,False,True,False,False,False,False,False,False,False,False,False
2025-11-08,PROD_022,Gaiam Premium Yoga Block,Wellness,Bloque Yoga,20,False,,19.61,,2025,5,11,Noviembre,8,Sábado,True,False,False,False,False,312,45,,,,,,,,,0.019500000000000073,19.22,1.0202913631633714,False,False,False,False,False,False,False,False,True,False,False,False,False,False,False,False,False,False,False,False,False,False,False,False,False,False,False,True,False,False,False,True,False,False,False,False,False,False,False,False,False,False,False,False
2025-11-08,PROD_023,Liforme Yoga Pad,Wellness,Rodillera Yoga,35,False,,34.38,,2025,5,11,Noviembre,8,Sábado,True,False,False,False,False,312,45,,,,,,,,,0.017714285714285682,33.24666666666667,1.0340886304391417,False,False,False,False,False,False,False,False,False,True,False,False,False,False,False,False,False,False,False,False,False,False,False,False,False,False,False,True,False,False,False,False,False,False,False,False,False,False,False,True,False,False,False,False
2025-11-08,PROD_024,Lotuscrafts Yoga Bolster,Wellness,Cojín Yoga,50,False,,50.17,,2025,5,11,Noviembre,8,Sábado,True,False,False,False,False,312,45,,,,,,,,,-0.0034000000000000696,47.120000000000005,1.0647283531409168,False,False,False,False,False,False,False,False,False,False,True,False,False,False,False,False,False,False,False,False,False,False,False,False,False,False,False,True,False,False,False,False,True,False,False,False,False,False,False,False,False,False,False,False
2025-11-09,PROD_001,Nike Air Zoom Pegasus 40,Running,Zapatillas Running,115,True,,115.0,,2025,6,11,Noviembre,9,Domingo,True,False,False,False,False,313,45,,,,,,,,,0.0,101.75666666666666,1.1301470829102107,False,False,False,False,False,False,False,False,False,False,False,False,False,False,True,False,False,False,False,False,False,False,False,False,False,False,True,False,False,False,False,False,False,False,False,False,False,False,False,False,False,False,True,False
2025-11-09,PROD_002,Adidas Ultraboost 23,Running,Zapatillas Running,135,True,,135.0,,2025,6,11,Noviembre,9,Domingo,True,False,False,False,False,313,45,,,,,,,,,0.0,119.95666666666666,1.1254063967543835,False,True,False,False,False,False,False,False,False,False,False,False,False,False,False,False,False,False,False,False,False,False,False,False,False,False,True,False,False,False,False,False,False,False,False,False,False,False,False,False,False,False,True,False
2025-11-09,PROD_003,Asics Gel Nimbus 25,Running,Zapatillas Running,85,False,,84.41,,2025,6,11,Noviembre,9,Domingo,True,False,False,False,False,313,45,,,,,,,,,0.006941176470588228,84.73666666666666,0.9961449195546989,False,False,True,False,False,False,False,False,False,False,False,False,False,False,False,False,False,False,False,False,False,False,False,False,False,False,True,False,False,False,False,False,False,False,False,False,False,False,False,False,False,False,True,False
2025-11-09,PROD_004,New Balance Fresh Foam X 1080v12,Running,Zapatillas Running,75,False,,76.1,,2025,6,11,Noviembre,9,Domingo,True,False,False,False,False,313,45,,,,,,,,,-0.014666666666666606,73.89666666666666,1.029816410302675,False,False,False,False,False,False,False,False,False,False,False,False,False,True,False,False,False,False,False,False,False,False,False,False,False,False,True,False,False,False,False,False,False,False,False,False,False,False,False,False,False,False,True,False
2025-11-09,PROD_005,Nike Dri-FIT Miler,Running,Ropa Running,35,False,,34.96,,2025,6,11,Noviembre,9,Domingo,True,False,False,False,False,313,45,,,,,,,,,0.0011428571428571122,34.00666666666667,1.0280337188786512,False,False,False,False,False,False,False,False,False,False,False,False,False,False,False,True,False,False,False,False,False,False,False,False,False,False,True,False,False,False,False,False,False,False,False,False,False,False,False,False,False,True,False,False
2025-11-09,PROD_006,Adidas Own The Run Jacket,Running,Ropa Running,65,False,,64.19,,2025,6,11,Noviembre,9,Domingo,True,False,False,False,False,313,45,,,,,,,,,0.012461538461538524,61.26666666666666,1.047714907508161,True,False,False,False,False,False,False,False,False,False,False,False,False,False,False,False,False,False,False,False,False,False,False,False,False,False,True,False,False,False,False,False,False,False,False,False,False,False,False,False,False,True,False,False
2025-11-09,PROD_007,Puma Velocity Nitro 2,Running,Zapatillas Running,70,False,,71.29,,2025,6,11,Noviembre,9,Domingo,True,False,False,False,False,313,45,,,,,,,,,-0.01842857142857146,68.85333333333334,1.035389233152595,False,False,False,False,False,False,False,False,False,False,False,False,False,False,False,False,True,False,False,False,False,False,False,False,False,False,True,False,False,False,False,False,False,False,False,False,False,False,False,False,False,False,True,False
2025-11-09,PROD_008,Reebok Floatride Energy 5,Running,Zapatillas Running,65,False,,63.9,,2025,6,11,Noviembre,9,Domingo,True,False,False,False,False,313,45,,,,,,,,,0.01692307692307693,62.916666666666664,1.0156291390728478,False,False,False,False,False,False,False,False,False,False,False,False,False,False,False,False,False,False,True,False,False,False,False,False,False,False,True,False,False,False,False,False,False,False,False,False,False,False,False,False,False,False,True,False
2025-11-09,PROD_009,Bowflex SelectTech 552,Fitness,Mancuernas Ajustables,400,True,,400.0,,2025,6,11,Noviembre,9,Domingo,True,False,False,False,False,313,45,,,,,,,,,0.0,377.3833333333334,1.0599302212604336,False,False,False,True,False,False,False,False,False,False,False,False,False,False,False,False,False,False,False,False,False,False,False,False,True,False,False,False,False,False,False,False,False,False,False,True,False,False,False,False,False,False,False,False
2025-11-09,PROD_010,Domyos BM900,Fitness,Banco Gimnasio,175,True,,175.0,,2025,6,11,Noviembre,9,Domingo,True,False,False,False,False,313,45,,,,,,,,,0.0,166.77,1.0493494033699107,False,False,False,False,False,False,True,False,False,False,False,False,False,False,False,False,False,False,False,False,False,False,False,False,True,False,False,False,True,False,False,False,False,False,False,False,False,False,False,False,False,False,False,False
2025-11-09,PROD_011,Reebok Professional Deck,Fitness,Esterilla Fitness,45,False,,44.51,,2025,6,11,Noviembre,9,Domingo,True,False,False,False,False,313,45,,,,,,,,,0.010888888888888948,43.46333333333333,1.0240816013497969,False,False,False,False,False,False,False,False,False,False,False,False,False,False,False,False,False,False,False,True,False,False,False,False,True,False,False,False,False,False,False,False,False,True,False,False,False,False,False,False,False,False,False,False
2025-11-09,PROD_012,Domyos Kit Mancuernas 20kg,Fitness,Pesas Casa,55,False,,55.07,,2025,6,11,Noviembre,9,Domingo,True,False,False,False,False,313,45,,,,,,,,,-0.0012727272727273142,52.54,1.0481537875904072,False,False,False,False,False,False,False,True,False,False,False,False,False,False,False,False,False,False,False,False,False,False,False,False,True,False,False,False,False,False,False,False,False,False,False,False,False,False,True,False,False,False,False,False
2025-11-09,PROD_013,Decathlon Bandas Elásticas Set,Fitness,Bandas Elásticas,25,False,,25.08,,2025,6,11,Noviembre,9,Domingo,True,False,False,False,False,313,45,,,,,,,,,-0.0031999999999998696,23.77333333333333,1.0549635445877734,False,False,False,False,False,True,False,False,False,False,False,False,False,False,False,False,False,False,False,False,False,False,False,False,True,False,False,False,False,True,False,False,False,False,False,False,False,False,False,False,False,False,False,False
2025-11-09,PROD_014,Sveltus Kettlebell 12kg,Fitness,Pesa Rusa,40,False,,40.02,,2025,6,11,Noviembre,9,Domingo,True,False,False,False,False,313,45,,,,,,,,,-0.000500000000000167,38.300000000000004,1.0449086161879895,False,False,False,False,False,False,False,False,False,False,False,False,False,False,False,False,False,False,False,False,False,True,False,False,True,False,False,False,False,False,False,False,False,False,False,False,False,True,False,False,False,False,False,False
2025-11-09,PROD_015,Salomon Speedcross 5 GTX,Outdoor,Zapatillas Trail,150,True,,150.0,,2025,6,11,Noviembre,9,Domingo,True,False,False,False,False,313,45,,,,,,,,,0.0,148.42333333333332,1.0106227682080537,False,False,False,False,False,False,False,False,False,False,False,False,False,False,False,False,False,False,False,False,True,False,False,False,False,True,False,False,False,False,False,False,False,False,False,False,False,False,False,False,False,False,False,True
2025-11-09,PROD_016,Trek Marlin 7,Outdoor,Bicicleta Montaña,830,True,,830.0,,2025,6,11,Noviembre,9,Domingo,True,False,False,False,False,313,45,,,,,,,,,0.0,769.8666666666667,1.0781087634222377,False,False,False,False,False,False,False,False,False,False,False,False,False,False,False,False,False,False,False,False,False,False,False,True,False,True,False,False,False,False,True,False,False,False,False,False,False,False,False,False,False,False,False,False
2025-11-09,PROD_017,The North Face Borealis,Outdoor,Mochila Trekking,95,False,,96.15,,2025,6,11,Noviembre,9,Domingo,True,False,False,False,False,313,45,,,,,,,,,-0.012105263157894841,87.13666666666666,1.1034390421177462,False,False,False,False,False,False,False,False,False,False,False,False,False,False,False,False,False,False,False,False,False,False,True,False,False,True,False,False,False,False,False,False,False,False,False,False,True,False,False,False,False,False,False,False
2025-11-09,PROD_018,Columbia Silver Ridge,Outdoor,Ropa Montaña,70,False,,70.52,,2025,6,11,Noviembre,9,Domingo,True,False,False,False,False,313,45,,,,,,,,,-0.00742857142857134,69.42,1.0158455776433304,False,False,False,False,True,False,False,False,False,False,False,False,False,False,False,False,False,False,False,False,False,False,False,False,False,True,False,False,False,False,False,False,False,False,False,False,False,False,False,False,True,False,False,False
2025-11-09,PROD_019,Merrell Moab 2 GTX,Outdoor,Zapatillas Trail,110,False,,111.64,,2025,6,11,Noviembre,9,Domingo,True,False,False,False,False,313,45,,,,,,,,,-0.014909090909090983,104.19333333333333,1.0714697037558385,False,False,False,False,False,False,False,False,False,False,False,False,True,False,False,False,False,False,False,False,False,False,False,False,False,True,False,False,False,False,False,False,False,False,False,False,False,False,False,False,False,False,False,True
2025-11-09,PROD_020,Quechua MH500,Outdoor,Ropa Montaña,80,False,,79.07,,2025,6,11,Noviembre,9,Domingo,True,False,False,False,False,313,45,,,,,,,,,0.011625000000000107,79.07666666666667,0.9999156936306537,False,False,False,False,False,False,False,False,False,False,False,False,False,False,False,False,False,True,False,False,False,False,False,False,False,True,False,False,False,False,False,False,False,False,False,False,False,False,False,False,True,False,False,False
2025-11-09,PROD_021,Manduka PRO Yoga Mat,Wellness,Esterilla Yoga,130,True,,130.0,,2025,6,11,Noviembre,9,Domingo,True,False,False,False,False,313,45,,,,,,,,,0.0,124.03000000000002,1.048133516084818,False,False,False,False,False,False,False,False,False,False,False,True,False,False,False,False,False,False,False,False,False,False,False,False,False,False,False,True,False,False,False,False,False,False,True,False,False,False,False,False,False,False,False,False
2025-11-09,PROD_022,Gaiam Premium Yoga Block,Wellness,Bloque Yoga,20,False,,20.01,,2025,6,11,Noviembre,9,Domingo,True,False,False,False,False,313,45,,,,,,,,,-0.000500000000000167,18.733333333333334,1.0681494661921709,False,False,False,False,False,False,False,False,True,False,False,False,False,False,False,False,False,False,False,False,False,False,False,False,False,False,False,True,False,False,False,True,False,False,False,False,False,False,False,False,False,False,False,False
2025-11-09,PROD_023,Liforme Yoga Pad,Wellness,Rodillera Yoga,35,False,,35.34,,2025,6,11,Noviembre,9,Domingo,True,False,False,False,False,313,45,,,,,,,,,-0.009714285714285786,33.699999999999996,1.0486646884272999,False,False,False,False,False,False,False,False,False,True,False,False,False,False,False,False,False,False,False,False,False,False,False,False,False,False,False,True,False,False,False,False,False,False,False,False,False,False,False,True,False,False,False,False
2025-11-09,PROD_024,Lotuscrafts Yoga Bolster,Wellness,Cojín Yoga,50,False,,50.92,,2025,6,11,Noviembre,9,Domingo,True,False,False,False,False,313,45,,,,,,,,,-0.018399999999999972,49.583333333333336,1.0269579831932774,False,False,False,False,False,False,False,False,False,False,True,False,False,False,False,False,False,False,False,False,False,False,False,False,False,False,False,True,False,False,False,False,True,False,False,False,False,False,False,False,False,False,False,False
2025-11-10,PROD_001,Nike Air Zoom Pegasus 40,Running,Zapatillas Running,115,True,,115.0,,2025,0,11,Noviembre,10,Lunes,False,False,False,False,True,314,46,,,,,,,,,0.0,99.96,1.1504601840736295,False,False,False,False,False,False,False,False,False,False,False,False,False,False,True,False,False,False,False,False,False,False,False,False,False,False,True,False,False,False,False,False,False,False,False,False,False,False,False,False,False,False,True,False
2025-11-10,PROD_002,Adidas Ultraboost 23,Running,Zapatillas Running,135,True,,135.0,,2025,0,11,Noviembre,10,Lunes,False,False,False,False,True,314,46,,,,,,,,,0.0,117.18666666666665,1.1520081920582548,False,True,False,False,False,False,False,False,False,False,False,False,False,False,False,False,False,False,False,False,False,False,False,False,False,False,True,False,False,False,False,False,False,False,False,False,False,False,False,False,False,False,True,False
2025-11-10,PROD_003,Asics Gel Nimbus 25,Running,Zapatillas Running,85,False,,83.71,,2025,0,11,Noviembre,10,Lunes,False,False,False,False,True,314,46,,,,,,,,,0.015176470588235347,85.60666666666667,0.977844404641383,False,False,True,False,False,False,False,False,False,False,False,False,False,False,False,False,False,False,False,False,False,False,False,False,False,False,True,False,False,False,False,False,False,False,False,False,False,False,False,False,False,False,True,False
2025-11-10,PROD_004,New Balance Fresh Foam X 1080v12,Running,Zapatillas Running,75,False,,75.0,,2025,0,11,Noviembre,10,Lunes,False,False,False,False,True,314,46,,,,,,,,,0.0,74.97000000000001,1.0004001600640255,False,False,False,False,False,False,False,False,False,False,False,False,False,True,False,False,False,False,False,False,False,False,False,False,False,False,True,False,False,False,False,False,False,False,False,False,False,False,False,False,False,False,True,False
2025-11-10,PROD_005,Nike Dri-FIT Miler,Running,Ropa Running,35,False,,35.65,,2025,0,11,Noviembre,10,Lunes,False,False,False,False,True,314,46,,,,,,,,,-0.01857142857142846,33.946666666666665,1.0501767478397486,False,False,False,False,False,False,False,False,False,False,False,False,False,False,False,True,False,False,False,False,False,False,False,False,False,False,True,False,False,False,False,False,False,False,False,False,False,False,False,False,False,True,False,False
2025-11-10,PROD_006,Adidas Own The Run Jacket,Running,Ropa Running,65,False,,66.03,,2025,0,11,Noviembre,10,Lunes,False,False,False,False,True,314,46,,,,,,,,,-0.015846153846153843,62.51333333333334,1.0562546656713234,True,False,False,False,False,False,False,False,False,False,False,False,False,False,False,False,False,False,False,False,False,False,False,False,False,False,True,False,False,False,False,False,False,False,False,False,False,False,False,False,False,True,False,False
2025-11-10,PROD_007,Puma Velocity Nitro 2,Running,Zapatillas Running,70,False,,68.79,,2025,0,11,Noviembre,10,Lunes,False,False,False,False,True,314,46,,,,,,,,,0.017285714285714238,67.87666666666667,1.0134557776359083,False,False,False,False,False,False,False,False,False,False,False,False,False,False,False,False,True,False,False,False,False,False,False,False,False,False,True,False,False,False,False,False,False,False,False,False,False,False,False,False,False,False,True,False
2025-11-10,PROD_008,Reebok Floatride Energy 5,Running,Zapatillas Running,65,False,,65.58,,2025,0,11,Noviembre,10,Lunes,False,False,False,False,True,314,46,,,,,,,,,-0.008923076923076811,63.61000000000001,1.0309699732746422,False,False,False,False,False,False,False,False,False,False,False,False,False,False,False,False,False,False,True,False,False,False,False,False,False,False,True,False,False,False,False,False,False,False,False,False,False,False,False,False,False,False,True,False
2025-11-10,PROD_009,Bowflex SelectTech 552,Fitness,Mancuernas Ajustables,400,True,,400.0,,2025,0,11,Noviembre,10,Lunes,False,False,False,False,True,314,46,,,,,,,,,0.0,362.56666666666666,1.1032453801599706,False,False,False,True,False,False,False,False,False,False,False,False,False,False,False,False,False,False,False,False,False,False,False,False,True,False,False,False,False,False,False,False,False,False,False,True,False,False,False,False,False,False,False,False
2025-11-10,PROD_010,Domyos BM900,Fitness,Banco Gimnasio,175,True,,175.0,,2025,0,11,Noviembre,10,Lunes,False,False,False,False,True,314,46,,,,,,,,,0.0,162.66666666666666,1.0758196721311477,False,False,False,False,False,False,True,False,False,False,False,False,False,False,False,False,False,False,False,False,False,False,False,False,True,False,False,False,True,False,False,False,False,False,False,False,False,False,False,False,False,False,False,False
2025-11-10,PROD_011,Reebok Professional Deck,Fitness,Esterilla Fitness,45,False,,45.84,,2025,0,11,Noviembre,10,Lunes,False,False,False,False,True,314,46,,,,,,,,,-0.01866666666666683,44.50999999999999,1.029880925634689,False,False,False,False,False,False,False,False,False,False,False,False,False,False,False,False,False,False,False,True,False,False,False,False,True,False,False,False,False,False,False,False,False,True,False,False,False,False,False,False,False,False,False,False
2025-11-10,PROD_012,Domyos Kit Mancuernas 20kg,Fitness,Pesas Casa,55,False,,55.95,,2025,0,11,Noviembre,10,Lunes,False,False,False,False,True,314,46,,,,,,,,,-0.01727272727272733,52.96333333333334,1.056391214047454,False,False,False,False,False,False,False,True,False,False,False,False,False,False,False,False,False,False,False,False,False,False,False,False,True,False,False,False,False,False,False,False,False,False,False,False,False,False,True,False,False,False,False,False
2025-11-10,PROD_013,Decathlon Bandas Elásticas Set,Fitness,Bandas Elásticas,25,False,,24.73,,2025,0,11,Noviembre,10,Lunes,False,False,False,False,True,314,46,,,,,,,,,0.010800000000000032,23.503333333333334,1.0521911785562332,False,False,False,False,False,True,False,False,False,False,False,False,False,False,False,False,False,False,False,False,False,False,False,False,True,False,False,False,False,True,False,False,False,False,False,False,False,False,False,False,False,False,False,False
2025-11-10,PROD_014,Sveltus Kettlebell 12kg,Fitness,Pesa Rusa,40,False,,39.34,,2025,0,11,Noviembre,10,Lunes,False,False,False,False,True,314,46,,,,,,,,,0.01649999999999996,37.99666666666667,1.0353539784191597,False,False,False,False,False,False,False,False,False,False,False,False,False,False,False,False,False,False,False,False,False,True,False,False,True,False,False,False,False,False,False,False,False,False,False,False,False,True,False,False,False,False,False,False
2025-11-10,PROD_015,Salomon Speedcross 5 GTX,Outdoor,Zapatillas Trail,150,True,,150.0,,2025,0,11,Noviembre,10,Lunes,False,False,False,False,True,314,46,,,,,,,,,0.0,142.10333333333332,1.0555698904553026,False,False,False,False,False,False,False,False,False,False,False,False,False,False,False,False,False,False,False,False,True,False,False,False,False,True,False,False,False,False,False,False,False,False,False,False,False,False,False,False,False,False,False,True
2025-11-10,PROD_016,Trek Marlin 7,Outdoor,Bicicleta Montaña,830,True,,830.0,,2025,0,11,Noviembre,10,Lunes,False,False,False,False,True,314,46,,,,,,,,,0.0,806.4133333333333,1.029248855012318,False,False,False,False,False,False,False,False,False,False,False,False,False,False,False,False,False,False,False,False,False,False,False,True,False,True,False,False,False,False,True,False,False,False,False,False,False,False,False,False,False,False,False,False
2025-11-10,PROD_017,The North Face Borealis,Outdoor,Mochila Trekking,95,False,,94.76,,2025,0,11,Noviembre,10,Lunes,False,False,False,False,True,314,46,,,,,,,,,0.002526315789473599,96.58666666666666,0.9810877967973497,False,False,False,False,False,False,False,False,False,False,False,False,False,False,False,False,False,False,False,False,False,False,True,False,False,True,False,False,False,False,False,False,False,False,False,False,True,False,False,False,False,False,False,False
2025-11-10,PROD_018,Columbia Silver Ridge,Outdoor,Ropa Montaña,70,False,,70.94,,2025,0,11,Noviembre,10,Lunes,False,False,False,False,True,314,46,,,,,,,,,-0.013428571428571345,68.05333333333333,1.042417711598746,False,False,False,False,True,False,False,False,False,False,False,False,False,False,False,False,False,False,False,False,False,False,False,False,False,True,False,False,False,False,False,False,False,False,False,False,False,False,False,False,True,False,False,False
2025-11-10,PROD_019,Merrell Moab 2 GTX,Outdoor,Zapatillas Trail,110,False,,107.85,,2025,0,11,Noviembre,10,Lunes,False,False,False,False,True,314,46,,,,,,,,,0.019545454545454644,103.96666666666665,1.0373517152933633,False,False,False,False,False,False,False,False,False,False,False,False,True,False,False,False,False,False,False,False,False,False,False,False,False,True,False,False,False,False,False,False,False,False,False,False,False,False,False,False,False,False,False,True
2025-11-10,PROD_020,Quechua MH500,Outdoor,Ropa Montaña,80,False,,78.45,,2025,0,11,Noviembre,10,Lunes,False,False,False,False,True,314,46,,,,,,,,,0.01937499999999992,78.25666666666667,1.0024705030455339,False,False,False,False,False,False,False,False,False,False,False,False,False,False,False,False,False,True,False,False,False,False,False,False,False,True,False,False,False,False,False,False,False,False,False,False,False,False,False,False,True,False,False,False
2025-11-10,PROD_021,Manduka PRO Yoga Mat,Wellness,Esterilla Yoga,130,True,,130.0,,2025,0,11,Noviembre,10,Lunes,False,False,False,False,True,314,46,,,,,,,,,0.0,121.80666666666667,1.0672650648568769,False,False,False,False,False,False,False,False,False,False,False,True,False,False,False,False,False,False,False,False,False,False,False,False,False,False,False,True,False,False,False,False,False,False,True,False,False,False,False,False,False,False,False,False
2025-11-10,PROD_022,Gaiam Premium Yoga Block,Wellness,Bloque Yoga,20,False,,20.28,,2025,0,11,Noviembre,10,Lunes,False,False,False,False,True,314,46,,,,,,,,,-0.014000000000000012,19.72,1.028397565922921,False,False,False,False,False,False,False,False,True,False,False,False,False,False,False,False,False,False,False,False,False,False,False,False,False,False,False,True,False,False,False,True,False,False,False,False,False,False,False,False,False,False,False,False
2025-11-10,PROD_023,Liforme Yoga Pad,Wellness,Rodillera Yoga,35,False,,34.72,,2025,0,11,Noviembre,10,Lunes,False,False,False,False,True,314,46,,,,,,,,,0.008000000000000007,34.13,1.0172868444184002,False,False,False,False,False,False,False,False,False,True,False,False,False,False,False,False,False,False,False,False,False,False,False,False,False,False,False,True,False,False,False,False,False,False,False,False,False,False,False,True,False,False,False,False
2025-11-10,PROD_024,Lotuscrafts Yoga Bolster,Wellness,Cojín Yoga,50,False,,50.95,,2025,0,11,Noviembre,10,Lunes,False,False,False,False,True,314,46,,,,,,,,,-0.019000000000000128,46.92666666666667,1.085736610313965,False,False,False,False,False,False,False,False,False,False,True,False,False,False,False,False,False,False,False,False,False,False,False,False,False,False,False,True,False,False,False,False,True,False,False,False,False,False,False,False,False,False,False,False
2025-11-11,PROD_001,Nike Air Zoom Pegasus 40,Running,Zapatillas Running,115,True,,115.0,,2025,1,11,Noviembre,11,Martes,False,False,False,False,True,315,46,,,,,,,,,0.0,99.76666666666667,1.1526896090878718,False,False,False,False,False,False,False,False,False,False,False,False,False,False,True,False,False,False,False,False,False,False,False,False,False,False,True,False,False,False,False,False,False,False,False,False,False,False,False,False,False,False,True,False
2025-11-11,PROD_002,Adidas Ultraboost 23,Running,Zapatillas Running,135,True,,135.0,,2025,1,11,Noviembre,11,Martes,False,False,False,False,True,315,46,,,,,,,,,0.0,122.99333333333334,1.0976204672339964,False,True,False,False,False,False,False,False,False,False,False,False,False,False,False,False,False,False,False,False,False,False,False,False,False,False,True,False,False,False,False,False,False,False,False,False,False,False,False,False,False,False,True,False
2025-11-11,PROD_003,Asics Gel Nimbus 25,Running,Zapatillas Running,85,False,,85.21,,2025,1,11,Noviembre,11,Martes,False,False,False,False,True,315,46,,,,,,,,,-0.0024705882352940023,80.90666666666667,1.0531888595912986,False,False,True,False,False,False,False,False,False,False,False,False,False,False,False,False,False,False,False,False,False,False,False,False,False,False,True,False,False,False,False,False,False,False,False,False,False,False,False,False,False,False,True,False
2025-11-11,PROD_004,New Balance Fresh Foam X 1080v12,Running,Zapatillas Running,75,False,,76.17,,2025,1,11,Noviembre,11,Martes,False,False,False,False,True,315,46,,,,,,,,,-0.015600000000000058,71.02,1.0725147845677274,False,False,False,False,False,False,False,False,False,False,False,False,False,True,False,False,False,False,False,False,False,False,False,False,False,False,True,False,False,False,False,False,False,False,False,False,False,False,False,False,False,False,True,False
2025-11-11,PROD_005,Nike Dri-FIT Miler,Running,Ropa Running,35,False,,35.52,,2025,1,11,Noviembre,11,Martes,False,False,False,False,True,315,46,,,,,,,,,-0.014857142857142902,34.07666666666666,1.0423554729531452,False,False,False,False,False,False,False,False,False,False,False,False,False,False,False,True,False,False,False,False,False,False,False,False,False,False,True,False,False,False,False,False,False,False,False,False,False,False,False,False,False,True,False,False
2025-11-11,PROD_006,Adidas Own The Run Jacket,Running,Ropa Running,65,False,,63.99,,2025,1,11,Noviembre,11,Martes,False,False,False,False,True,315,46,,,,,,,,,0.015538461538461501,62.913333333333334,1.0171134894563951,True,False,False,False,False,False,False,False,False,False,False,False,False,False,False,False,False,False,False,False,False,False,False,False,False,False,True,False,False,False,False,False,False,False,False,False,False,False,False,False,False,True,False,False
2025-11-11,PROD_007,Puma Velocity Nitro 2,Running,Zapatillas Running,70,False,,71.11,,2025,1,11,Noviembre,11,Martes,False,False,False,False,True,315,46,,,,,,,,,-0.015857142857142792,66.69666666666667,1.06617022339947,False,False,False,False,False,False,False,False,False,False,False,False,False,False,False,False,True,False,False,False,False,False,False,False,False,False,True,False,False,False,False,False,False,False,False,False,False,False,False,False,False,False,True,False
2025-11-11,PROD_008,Reebok Floatride Energy 5,Running,Zapatillas Running,65,False,,64.53,,2025,1,11,Noviembre,11,Martes,False,False,False,False,True,315,46,,,,,,,,,0.007230769230769263,64.02,1.0079662605435802,False,False,False,False,False,False,False,False,False,False,False,False,False,False,False,False,False,False,True,False,False,False,False,False,False,False,True,False,False,False,False,False,False,False,False,False,False,False,False,False,False,False,True,False
2025-11-11,PROD_009,Bowflex SelectTech 552,Fitness,Mancuernas Ajustables,400,True,,400.0,,2025,1,11,Noviembre,11,Martes,False,False,False,False,True,315,46,,,,,,,,,0.0,370.96,1.0782833728703904,False,False,False,True,False,False,False,False,False,False,False,False,False,False,False,False,False,False,False,False,False,False,False,False,True,False,False,False,False,False,False,False,False,False,False,True,False,False,False,False,False,False,False,False
2025-11-11,PROD_010,Domyos BM900,Fitness,Banco Gimnasio,175,True,,175.0,,2025,1,11,Noviembre,11,Martes,False,False,False,False,True,315,46,,,,,,,,,0.0,170.60666666666665,1.0257512406705482,False,False,False,False,False,False,True,False,False,False,False,False,False,False,False,False,False,False,False,False,False,False,False,False,True,False,False,False,True,False,False,False,False,False,False,False,False,False,False,False,False,False,False,False
2025-11-11,PROD_011,Reebok Professional Deck,Fitness,Esterilla Fitness,45,False,,45.5,,2025,1,11,Noviembre,11,Martes,False,False,False,False,True,315,46,,,,,,,,,-0.011111111111111072,44.693333333333335,1.0180489260143197,False,False,False,False,False,False,False,False,False,False,False,False,False,False,False,False,False,False,False,True,False,False,False,False,True,False,False,False,False,False,False,False,False,True,False,False,False,False,False,False,False,False,False,False
2025-11-11,PROD_012,Domyos Kit Mancuernas 20kg,Fitness,Pesas Casa,55,False,,54.9,,2025,1,11,Noviembre,11,Martes,False,False,False,False,True,315,46,,,,,,,,,0.0018181818181818299,54.56,1.006231671554252,False,False,False,False,False,False,False,True,False,False,False,False,False,False,False,False,False,False,False,False,False,False,False,False,True,False,False,False,False,False,False,False,False,False,False,False,False,False,True,False,False,False,False,False
2025-11-11,PROD_013,Decathlon Bandas Elásticas Set,Fitness,Bandas Elásticas,25,False,,25.02,,2025,1,11,Noviembre,11,Martes,False,False,False,False,True,315,46,,,,,,,,,-0.0007999999999999119,23.99666666666667,1.0426448117794136,False,False,False,False,False,True,False,False,False,False,False,False,False,False,False,False,False,False,False,False,False,False,False,False,True,False,False,False,False,True,False,False,False,False,False,False,False,False,False,False,False,False,False,False
2025-11-11,PROD_014,Sveltus Kettlebell 12kg,Fitness,Pesa Rusa,40,False,,39.76,,2025,1,11,Noviembre,11,Martes,False,False,False,False,True,315,46,,,,,,,,,0.006000000000000005,38.98,1.0200102616726527,False,False,False,False,False,False,False,False,False,False,False,False,False,False,False,False,False,False,False,False,False,True,False,False,True,False,False,False,False,False,False,False,False,False,False,False,False,True,False,False,False,False,False,False
2025-11-11,PROD_015,Salomon Speedcross 5 GTX,Outdoor,Zapatillas Trail,150,True,,150.0,,2025,1,11,Noviembre,11,Martes,False,False,False,False,True,315,46,,,,,,,,,0.0,143.00666666666666,1.0489021490839587,False,False,False,False,False,False,False,False,False,False,False,False,False,False,False,False,False,False,False,False,True,False,False,False,False,True,False,False,False,False,False,False,False,False,False,False,False,False,False,False,False,False,False,True
2025-11-11,PROD_016,Trek Marlin 7,Outdoor,Bicicleta Montaña,830,True,,830.0,,2025,1,11,Noviembre,11,Martes,False,False,False,False,True,315,46,,,,,,,,,0.0,837.1933333333333,0.9914077990746861,False,False,False,False,False,False,False,False,False,False,False,False,False,False,False,False,False,False,False,False,False,False,False,True,False,True,False,False,False,False,True,False,False,False,False,False,False,False,False,False,False,False,False,False
2025-11-11,PROD_017,The North Face Borealis,Outdoor,Mochila Trekking,95,False,,93.7,,2025,1,11,Noviembre,11,Martes,False,False,False,False,True,315,46,,,,,,,,,0.013684210526315743,91.42,1.0249398381098227,False,False,False,False,False,False,False,False,False,False,False,False,False,False,False,False,False,False,False,False,False,False,True,False,False,True,False,False,False,False,False,False,False,False,False,False,True,False,False,False,False,False,False,False
2025-11-11,PROD_018,Columbia Silver Ridge,Outdoor,Ropa Montaña,70,False,,69.45,,2025,1,11,Noviembre,11,Martes,False,False,False,False,True,315,46,,,,,,,,,0.007857142857142785,69.72333333333334,0.9960797437491035,False,False,False,False,True,False,False,False,False,False,False,False,False,False,False,False,False,False,False,False,False,False,False,False,False,True,False,False,False,False,False,False,False,False,False,False,False,False,False,False,True,False,False,False
2025-11-11,PROD_019,Merrell Moab 2 GTX,Outdoor,Zapatillas Trail,110,False,,109.94,,2025,1,11,Noviembre,11,Martes,False,False,False,False,True,315,46,,,,,,,,,0.0005454545454545157,105.90333333333335,1.0381165213559533,False,False,False,False,False,False,False,False,False,False,False,False,True,False,False,False,False,False,False,False,False,False,False,False,False,True,False,False,False,False,False,False,False,False,False,False,False,False,False,False,False,False,False,True
2025-11-11,PROD_020,Quechua MH500,Outdoor,Ropa Montaña,80,False,,80.81,,2025,1,11,Noviembre,11,Martes,False,False,False,False,True,315,46,,,,,,,,,-0.01012499999999994,79.68666666666667,1.014096879444491,False,False,False,False,False,False,False,False,False,False,False,False,False,False,False,False,False,True,False,False,False,False,False,False,False,True,False,False,False,False,False,False,False,False,False,False,False,False,False,False,True,False,False,False
2025-11-11,PROD_021,Manduka PRO Yoga Mat,Wellness,Esterilla Yoga,130,True,,130.0,,2025,1,11,Noviembre,11,Martes,False,False,False,False,True,315,46,,,,,,,,,0.0,124.31333333333333,1.0457446238000752,False,False,False,False,False,False,False,False,False,False,False,True,False,False,False,False,False,False,False,False,False,False,False,False,False,False,False,True,False,False,False,False,False,False,True,False,False,False,False,False,False,False,False,False
2025-11-11,PROD_022,Gaiam Premium Yoga Block,Wellness,Bloque Yoga,20,False,,19.97,,2025,1,11,Noviembre,11,Martes,False,False,False,False,True,315,46,,,,,,,,,0.0015000000000000568,18.68,1.0690578158458244,False,False,False,False,False,False,False,False,True,False,False,False,False,False,False,False,False,False,False,False,False,False,False,False,False,False,False,True,False,False,False,True,False,False,False,False,False,False,False,False,False,False,False,False
2025-11-11,PROD_023,Liforme Yoga Pad,Wellness,Rodillera Yoga,35,False,,34.82,,2025,1,11,Noviembre,11,Martes,False,False,False,False,True,315,46,,,,,,,,,0.005142857142857116,34.016666666666666,1.0236158745712887,False,False,False,False,False,False,False,False,False,True,False,False,False,False,False,False,False,False,False,False,False,False,False,False,False,False,False,True,False,False,False,False,False,False,False,False,False,False,False,True,False,False,False,False
2025-11-11,PROD_024,Lotuscrafts Yoga Bolster,Wellness,Cojín Yoga,50,False,,50.5,,2025,1,11,Noviembre,11,Martes,False,False,False,False,True,315,46,,,,,,,,,-0.010000000000000009,48.423333333333325,1.0428856611826256,False,False,False,False,False,False,False,False,False,False,True,False,False,False,False,False,False,False,False,False,False,False,False,False,False,False,False,True,False,False,False,False,True,False,False,False,False,False,False,False,False,False,False,False
2025-11-12,PROD_001,Nike Air Zoom Pegasus 40,Running,Zapatillas Running,115,True,,115.0,,2025,2,11,Noviembre,12,Miércoles,False,False,False,False,True,316,46,,,,,,,,,0.0,100.90666666666665,1.1396670190274842,False,False,False,False,False,False,False,False,False,False,False,False,False,False,True,False,False,False,False,False,False,False,False,False,False,False,True,False,False,False,False,False,False,False,False,False,False,False,False,False,False,False,True,False
2025-11-12,PROD_002,Adidas Ultraboost 23,Running,Zapatillas Running,135,True,,135.0,,2025,2,11,Noviembre,12,Miércoles,False,False,False,False,True,316,46,,,,,,,,,0.0,113.34666666666665,1.1910363486648632,False,True,False,False,False,False,False,False,False,False,False,False,False,False,False,False,False,False,False,False,False,False,False,False,False,False,True,False,False,False,False,False,False,False,False,False,False,False,False,False,False,False,True,False
2025-11-12,PROD_003,Asics Gel Nimbus 25,Running,Zapatillas Running,85,False,,83.39,,2025,2,11,Noviembre,12,Miércoles,False,False,False,False,True,316,46,,,,,,,,,0.01894117647058824,83.39666666666666,0.9999200607538271,False,False,True,False,False,False,False,False,False,False,False,False,False,False,False,False,False,False,False,False,False,False,False,False,False,False,True,False,False,False,False,False,False,False,False,False,False,False,False,False,False,False,True,False
2025-11-12,PROD_004,New Balance Fresh Foam X 1080v12,Running,Zapatillas Running,75,False,,73.78,,2025,2,11,Noviembre,12,Miércoles,False,False,False,False,True,316,46,,,,,,,,,0.01626666666666665,73.87666666666667,0.9986915128818301,False,False,False,False,False,False,False,False,False,False,False,False,False,True,False,False,False,False,False,False,False,False,False,False,False,False,True,False,False,False,False,False,False,False,False,False,False,False,False,False,False,False,True,False
2025-11-12,PROD_005,Nike Dri-FIT Miler,Running,Ropa Running,35,False,,35.66,,2025,2,11,Noviembre,12,Miércoles,False,False,False,False,True,316,46,,,,,,,,,-0.018857142857142684,34.43,1.0357246587278535,False,False,False,False,False,False,False,False,False,False,False,False,False,False,False,True,False,False,False,False,False,False,False,False,False,False,True,False,False,False,False,False,False,False,False,False,False,False,False,False,False,True,False,False
2025-11-12,PROD_006,Adidas Own The Run Jacket,Running,Ropa Running,65,False,,65.95,,2025,2,11,Noviembre,12,Miércoles,False,False,False,False,True,316,46,,,,,,,,,-0.014615384615384697,63.053333333333335,1.0459399450200888,True,False,False,False,False,False,False,False,False,False,False,False,False,False,False,False,False,False,False,False,False,False,False,False,False,False,True,False,False,False,False,False,False,False,False,False,False,False,False,False,False,True,False,False
2025-11-12,PROD_007,Puma Velocity Nitro 2,Running,Zapatillas Running,70,False,,70.18,,2025,2,11,Noviembre,12,Miércoles,False,False,False,False,True,316,46,,,,,,,,,-0.002571428571428669,65.92,1.064623786407767,False,False,False,False,False,False,False,False,False,False,False,False,False,False,False,False,True,False,False,False,False,False,False,False,False,False,True,False,False,False,False,False,False,False,False,False,False,False,False,False,False,False,True,False
2025-11-12,PROD_008,Reebok Floatride Energy 5,Running,Zapatillas Running,65,False,,65.3,,2025,2,11,Noviembre,12,Miércoles,False,False,False,False,True,316,46,,,,,,,,,-0.004615384615384466,63.373333333333335,1.0304018514622344,False,False,False,False,False,False,False,False,False,False,False,False,False,False,False,False,False,False,True,False,False,False,False,False,False,False,True,False,False,False,False,False,False,False,False,False,False,False,False,False,False,False,True,False
2025-11-12,PROD_009,Bowflex SelectTech 552,Fitness,Mancuernas Ajustables,400,True,,400.0,,2025,2,11,Noviembre,12,Miércoles,False,False,False,False,True,316,46,,,,,,,,,0.0,365.03000000000003,1.0958003451771086,False,False,False,True,False,False,False,False,False,False,False,False,False,False,False,False,False,False,False,False,False,False,False,False,True,False,False,False,False,False,False,False,False,False,False,True,False,False,False,False,False,False,False,False
2025-11-12,PROD_010,Domyos BM900,Fitness,Banco Gimnasio,175,True,,175.0,,2025,2,11,Noviembre,12,Miércoles,False,False,False,False,True,316,46,,,,,,,,,0.0,176.03666666666666,0.9941110753441518,False,False,False,False,False,False,True,False,False,False,False,False,False,False,False,False,False,False,False,False,False,False,False,False,True,False,False,False,True,False,False,False,False,False,False,False,False,False,False,False,False,False,False,False
2025-11-12,PROD_011,Reebok Professional Deck,Fitness,Esterilla Fitness,45,False,,44.34,,2025,2,11,Noviembre,12,Miércoles,False,False,False,False,True,316,46,,,,,,,,,0.014666666666666606,45.54,0.9736495388669303,False,False,False,False,False,False,False,False,False,False,False,False,False,False,False,False,False,False,False,True,False,False,False,False,True,False,False,False,False,False,False,False,False,True,False,False,False,False,False,False,False,False,False,False
2025-11-12,PROD_012,Domyos Kit Mancuernas 20kg,Fitness,Pesas Casa,55,False,,55.37,,2025,2,11,Noviembre,12,Miércoles,False,False,False,False,True,316,46,,,,,,,,,-0.006727272727272693,54.26,1.0204570586067083,False,False,False,False,False,False,False,True,False,False,False,False,False,False,False,False,False,False,False,False,False,False,False,False,True,False,False,False,False,False,False,False,False,False,False,False,False,False,True,False,False,False,False,False
2025-11-12,PROD_013,Decathlon Bandas Elásticas Set,Fitness,Bandas Elásticas,25,False,,25.03,,2025,2,11,Noviembre,12,Miércoles,False,False,False,False,True,316,46,,,,,,,,,-0.0012000000000000899,23.866666666666664,1.0487430167597767,False,False,False,False,False,True,False,False,False,False,False,False,False,False,False,False,False,False,False,False,False,False,False,False,True,False,False,False,False,True,False,False,False,False,False,False,False,False,False,False,False,False,False,False
2025-11-12,PROD_014,Sveltus Kettlebell 12kg,Fitness,Pesa Rusa,40,False,,39.5,,2025,2,11,Noviembre,12,Miércoles,False,False,False,False,True,316,46,,,,,,,,,0.012499999999999956,40.40666666666667,0.977561458505197,False,False,False,False,False,False,False,False,False,False,False,False,False,False,False,False,False,False,False,False,False,True,False,False,True,False,False,False,False,False,False,False,False,False,False,False,False,True,False,False,False,False,False,False
2025-11-12,PROD_015,Salomon Speedcross 5 GTX,Outdoor,Zapatillas Trail,150,True,,150.0,,2025,2,11,Noviembre,12,Miércoles,False,False,False,False,True,316,46,,,,,,,,,0.0,139.8166666666667,1.072833472404339,False,False,False,False,False,False,False,False,False,False,False,False,False,False,False,False,False,False,False,False,True,False,False,False,False,True,False,False,False,False,False,False,False,False,False,False,False,False,False,False,False,False,False,True
2025-11-12,PROD_016,Trek Marlin 7,Outdoor,Bicicleta Montaña,830,True,,830.0,,2025,2,11,Noviembre,12,Miércoles,False,False,False,False,True,316,46,,,,,,,,,0.0,810.4966666666666,1.0240634343550663,False,False,False,False,False,False,False,False,False,False,False,False,False,False,False,False,False,False,False,False,False,False,False,True,False,True,False,False,False,False,True,False,False,False,False,False,False,False,False,False,False,False,False,False
2025-11-12,PROD_017,The North Face Borealis,Outdoor,Mochila Trekking,95,False,,96.74,,2025,2,11,Noviembre,12,Miércoles,False,False,False,False,True,316,46,,,,,,,,,-0.018315789473684063,91.89333333333333,1.05274230992455,False,False,False,False,False,False,False,False,False,False,False,False,False,False,False,False,False,False,False,False,False,False,True,False,False,True,False,False,False,False,False,False,False,False,False,False,True,False,False,False,False,False,False,False
2025-11-12,PROD_018,Columbia Silver Ridge,Outdoor,Ropa Montaña,70,False,,71.23,,2025,2,11,Noviembre,12,Miércoles,False,False,False,False,True,316,46,,,,,,,,,-0.01757142857142857,69.13666666666666,1.0302781929511597,False,False,False,False,True,False,False,False,False,False,False,False,False,False,False,False,False,False,False,False,False,False,False,False,False,True,False,False,False,False,False,False,False,False,False,False,False,False,False,False,True,False,False,False
2025-11-12,PROD_019,Merrell Moab 2 GTX,Outdoor,Zapatillas Trail,110,False,,109.31,,2025,2,11,Noviembre,12,Miércoles,False,False,False,False,True,316,46,,,,,,,,,0.006272727272727208,107.49000000000001,1.0169318076100102,False,False,False,False,False,False,False,False,False,False,False,False,True,False,False,False,False,False,False,False,False,False,False,False,False,True,False,False,False,False,False,False,False,False,False,False,False,False,False,False,False,False,False,True
2025-11-12,PROD_020,Quechua MH500,Outdoor,Ropa Montaña,80,False,,80.85,,2025,2,11,Noviembre,12,Miércoles,False,False,False,False,True,316,46,,,,,,,,,-0.010624999999999885,78.71333333333332,1.0271449140340476,False,False,False,False,False,False,False,False,False,False,False,False,False,False,False,False,False,True,False,False,False,False,False,False,False,True,False,False,False,False,False,False,False,False,False,False,False,False,False,False,True,False,False,False
2025-11-12,PROD_021,Manduka PRO Yoga Mat,Wellness,Esterilla Yoga,130,True,,130.0,,2025,2,11,Noviembre,12,Miércoles,False,False,False,False,True,316,46,,,,,,,,,0.0,122.56666666666666,1.0606472667935818,False,False,False,False,False,False,False,False,False,False,False,True,False,False,False,False,False,False,False,False,False,False,False,False,False,False,False,True,False,False,False,False,False,False,True,False,False,False,False,False,False,False,False,False
2025-11-12,PROD_022,Gaiam Premium Yoga Block,Wellness,Bloque Yoga,20,False,,20.2,,2025,2,11,Noviembre,12,Miércoles,False,False,False,False,True,316,46,,,,,,,,,-0.010000000000000009,18.706666666666667,1.0798289379900212,False,False,False,False,False,False,False,False,True,False,False,False,False,False,False,False,False,False,False,False,False,False,False,False,False,False,False,True,False,False,False,True,False,False,False,False,False,False,False,False,False,False,False,False
2025-11-12,PROD_023,Liforme Yoga Pad,Wellness,Rodillera Yoga,35,False,,35.23,,2025,2,11,Noviembre,12,Miércoles,False,False,False,False,True,316,46,,,,,,,,,-0.00657142857142845,33.38,1.0554224086279207,False,False,False,False,False,False,False,False,False,True,False,False,False,False,False,False,False,False,False,False,False,False,False,False,False,False,False,True,False,False,False,False,False,False,False,False,False,False,False,True,False,False,False,False
2025-11-12,PROD_024,Lotuscrafts Yoga Bolster,Wellness,Cojín Yoga,50,False,,50.45,,2025,2,11,Noviembre,12,Miércoles,False,False,False,False,True,316,46,,,,,,,,,-0.009000000000000119,46.903333333333336,1.0756165162390732,False,False,False,False,False,False,False,False,False,False,True,False,False,False,False,False,False,False,False,False,False,False,False,False,False,False,False,True,False,False,False,False,True,False,False,False,False,False,False,False,False,False,False,False
2025-11-13,PROD_001,Nike Air Zoom Pegasus 40,Running,Zapatillas Running,115,True,,115.0,,2025,3,11,Noviembre,13,Jueves,False,False,False,False,True,317,46,,,,,,,,,0.0,98.79666666666667,1.1640068828233072,False,False,False,False,False,False,False,False,False,False,False,False,False,False,True,False,False,False,False,False,False,False,False,False,False,False,True,False,False,False,False,False,False,False,False,False,False,False,False,False,False,False,True,False
2025-11-13,PROD_002,Adidas Ultraboost 23,Running,Zapatillas Running,135,True,,135.0,,2025,3,11,Noviembre,13,Jueves,False,False,False,False,True,317,46,,,,,,,,,0.0,118.50666666666667,1.139176417641764,False,True,False,False,False,False,False,False,False,False,False,False,False,False,False,False,False,False,False,False,False,False,False,False,False,False,True,False,False,False,False,False,False,False,False,False,False,False,False,False,False,False,True,False
2025-11-13,PROD_003,Asics Gel Nimbus 25,Running,Zapatillas Running,85,False,,85.03,,2025,3,11,Noviembre,13,Jueves,False,False,False,False,True,317,46,,,,,,,,,-0.0003529411764706669,83.92666666666666,1.013146397648741,False,False,True,False,False,False,False,False,False,False,False,False,False,False,False,False,False,False,False,False,False,False,False,False,False,False,True,False,False,False,False,False,False,False,False,False,False,False,False,False,False,False,True,False
2025-11-13,PROD_004,New Balance Fresh Foam X 1080v12,Running,Zapatillas Running,75,False,,74.36,,2025,3,11,Noviembre,13,Jueves,False,False,False,False,True,317,46,,,,,,,,,0.008533333333333393,69.64666666666666,1.0676749306020867,False,False,False,False,False,False,False,False,False,False,False,False,False,True,False,False,False,False,False,False,False,False,False,False,False,False,True,False,False,False,False,False,False,False,False,False,False,False,False,False,False,False,True,False
2025-11-13,PROD_005,Nike Dri-FIT Miler,Running,Ropa Running,35,False,,35.27,,2025,3,11,Noviembre,13,Jueves,False,False,False,False,True,317,46,,,,,,,,,-0.007714285714285785,35.333333333333336,0.9982075471698113,False,False,False,False,False,False,False,False,False,False,False,False,False,False,False,True,False,False,False,False,False,False,False,False,False,False,True,False,False,False,False,False,False,False,False,False,False,False,False,False,False,True,False,False
2025-11-13,PROD_006,Adidas Own The Run Jacket,Running,Ropa Running,65,False,,66.12,,2025,3,11,Noviembre,13,Jueves,False,False,False,False,True,317,46,,,,,,,,,-0.017230769230769383,64.36666666666666,1.0272397721387885,True,False,False,False,False,False,False,False,False,False,False,False,False,False,False,False,False,False,False,False,False,False,False,False,False,False,True,False,False,False,False,False,False,False,False,False,False,False,False,False,False,True,False,False
2025-11-13,PROD_007,Puma Velocity Nitro 2,Running,Zapatillas Running,70,False,,69.83,,2025,3,11,Noviembre,13,Jueves,False,False,False,False,True,317,46,,,,,,,,,0.0024285714285714466,67.49666666666667,1.034569608375722,False,False,False,False,False,False,False,False,False,False,False,False,False,False,False,False,True,False,False,False,False,False,False,False,False,False,True,False,False,False,False,False,False,False,False,False,False,False,False,False,False,False,True,False
2025-11-13,PROD_008,Reebok Floatride Energy 5,Running,Zapatillas Running,65,False,,64.95,,2025,3,11,Noviembre,13,Jueves,False,False,False,False,True,317,46,,,,,,,,,0.0007692307692307443,65.52,0.9913003663003664,False,False,False,False,False,False,False,False,False,False,False,False,False,False,False,False,False,False,True,False,False,False,False,False,False,False,True,False,False,False,False,False,False,False,False,False,False,False,False,False,False,False,True,False
2025-11-13,PROD_009,Bowflex SelectTech 552,Fitness,Mancuernas Ajustables,400,True,,400.0,,2025,3,11,Noviembre,13,Jueves,False,False,False,False,True,317,46,,,,,,,,,0.0,363.52,1.1003521126760565,False,False,False,True,False,False,False,False,False,False,False,False,False,False,False,False,False,False,False,False,False,False,False,False,True,False,False,False,False,False,False,False,False,False,False,True,False,False,False,False,False,False,False,False
2025-11-13,PROD_010,Domyos BM900,Fitness,Banco Gimnasio,175,True,,175.0,,2025,3,11,Noviembre,13,Jueves,False,False,False,False,True,317,46,,,,,,,,,0.0,173.3066666666667,1.0097707339590705,False,False,False,False,False,False,True,False,False,False,False,False,False,False,False,False,False,False,False,False,False,False,False,False,True,False,False,False,True,False,False,False,False,False,False,False,False,False,False,False,False,False,False,False
2025-11-13,PROD_011,Reebok Professional Deck,Fitness,Esterilla Fitness,45,False,,44.97,,2025,3,11,Noviembre,13,Jueves,False,False,False,False,True,317,46,,,,,,,,,0.0006666666666667043,44.07333333333333,1.020344879745878,False,False,False,False,False,False,False,False,False,False,False,False,False,False,False,False,False,False,False,True,False,False,False,False,True,False,False,False,False,False,False,False,False,True,False,False,False,False,False,False,False,False,False,False
2025-11-13,PROD_012,Domyos Kit Mancuernas 20kg,Fitness,Pesas Casa,55,False,,56.03,,2025,3,11,Noviembre,13,Jueves,False,False,False,False,True,317,46,,,,,,,,,-0.018727272727272704,52.06999999999999,1.0760514691761092,False,False,False,False,False,False,False,True,False,False,False,False,False,False,False,False,False,False,False,False,False,False,False,False,True,False,False,False,False,False,False,False,False,False,False,False,False,False,True,False,False,False,False,False
2025-11-13,PROD_013,Decathlon Bandas Elásticas Set,Fitness,Bandas Elásticas,25,False,,25.17,,2025,3,11,Noviembre,13,Jueves,False,False,False,False,True,317,46,,,,,,,,,-0.006800000000000139,24.836666666666662,1.0134210173131126,False,False,False,False,False,True,False,False,False,False,False,False,False,False,False,False,False,False,False,False,False,False,False,False,True,False,False,False,False,True,False,False,False,False,False,False,False,False,False,False,False,False,False,False
2025-11-13,PROD_014,Sveltus Kettlebell 12kg,Fitness,Pesa Rusa,40,False,,40.2,,2025,3,11,Noviembre,13,Jueves,False,False,False,False,True,317,46,,,,,,,,,-0.0050000000000001155,37.54333333333333,1.0707626742430971,False,False,False,False,False,False,False,False,False,False,False,False,False,False,False,False,False,False,False,False,False,True,False,False,True,False,False,False,False,False,False,False,False,False,False,False,False,True,False,False,False,False,False,False
2025-11-13,PROD_015,Salomon Speedcross 5 GTX,Outdoor,Zapatillas Trail,150,True,,150.0,,2025,3,11,Noviembre,13,Jueves,False,False,False,False,True,317,46,,,,,,,,,0.0,139.97333333333333,1.0716326919413222,False,False,False,False,False,False,False,False,False,False,False,False,False,False,False,False,False,False,False,False,True,False,False,False,False,True,False,False,False,False,False,False,False,False,False,False,False,False,False,False,False,False,False,True
2025-11-13,PROD_016,Trek Marlin 7,Outdoor,Bicicleta Montaña,830,True,,830.0,,2025,3,11,Noviembre,13,Jueves,False,False,False,False,True,317,46,,,,,,,,,0.0,796.43,1.042150597039288,False,False,False,False,False,False,False,False,False,False,False,False,False,False,False,False,False,False,False,False,False,False,False,True,False,True,False,False,False,False,True,False,False,False,False,False,False,False,False,False,False,False,False,False
2025-11-13,PROD_017,The North Face Borealis,Outdoor,Mochila Trekking,95,False,,94.04,,2025,3,11,Noviembre,13,Jueves,False,False,False,False,True,317,46,,,,,,,,,0.010105263157894617,92.93666666666667,1.0118718840787633,False,False,False,False,False,False,False,False,False,False,False,False,False,False,False,False,False,False,False,False,False,False,True,False,False,True,False,False,False,False,False,False,False,False,False,False,True,False,False,False,False,False,False,False
2025-11-13,PROD_018,Columbia Silver Ridge,Outdoor,Ropa Montaña,70,False,,69.33,,2025,3,11,Noviembre,13,Jueves,False,False,False,False,True,317,46,,,,,,,,,0.009571428571428564,69.90333333333334,0.9917981975108483,False,False,False,False,True,False,False,False,False,False,False,False,False,False,False,False,False,False,False,False,False,False,False,False,False,True,False,False,False,False,False,False,False,False,False,False,False,False,False,False,True,False,False,False
2025-11-13,PROD_019,Merrell Moab 2 GTX,Outdoor,Zapatillas Trail,110,False,,111.52,,2025,3,11,Noviembre,13,Jueves,False,False,False,False,True,317,46,,,,,,,,,-0.01381818181818173,105.64333333333333,1.055627425614489,False,False,False,False,False,False,False,False,False,False,False,False,True,False,False,False,False,False,False,False,False,False,False,False,False,True,False,False,False,False,False,False,False,False,False,False,False,False,False,False,False,False,False,True
2025-11-13,PROD_020,Quechua MH500,Outdoor,Ropa Montaña,80,False,,78.65,,2025,3,11,Noviembre,13,Jueves,False,False,False,False,True,317,46,,,,,,,,,0.016874999999999973,73.42666666666666,1.0711367350644636,False,False,False,False,False,False,False,False,False,False,False,False,False,False,False,False,False,True,False,False,False,False,False,False,False,True,False,False,False,False,False,False,False,False,False,False,False,False,False,False,True,False,False,False
2025-11-13,PROD_021,Manduka PRO Yoga Mat,Wellness,Esterilla Yoga,130,True,,130.0,,2025,3,11,Noviembre,13,Jueves,False,False,False,False,True,317,46,,,,,,,,,0.0,126.63666666666666,1.0265589218499118,False,False,False,False,False,False,False,False,False,False,False,True,False,False,False,False,False,False,False,False,False,False,False,False,False,False,False,True,False,False,False,False,False,False,True,False,False,False,False,False,False,False,False,False
2025-11-13,PROD_022,Gaiam Premium Yoga Block,Wellness,Bloque Yoga,20,False,,20.37,,2025,3,11,Noviembre,13,Jueves,False,False,False,False,True,317,46,,,,,,,,,-0.01849999999999996,19.13,1.064819654992159,False,False,False,False,False,False,False,False,True,False,False,False,False,False,False,False,False,False,False,False,False,False,False,False,False,False,False,True,False,False,False,True,False,False,False,False,False,False,False,False,False,False,False,False
2025-11-13,PROD_023,Liforme Yoga Pad,Wellness,Rodillera Yoga,35,False,,35.39,,2025,3,11,Noviembre,13,Jueves,False,False,False,False,True,317,46,,,,,,,,,-0.011142857142857121,34.526666666666664,1.0250048271867156,False,False,False,False,False,False,False,False,False,True,False,False,False,False,False,False,False,False,False,False,False,False,False,False,False,False,False,True,False,False,False,False,False,False,False,False,False,False,False,True,False,False,False,False
2025-11-13,PROD_024,Lotuscrafts Yoga Bolster,Wellness,Cojín Yoga,50,False,,50.23,,2025,3,11,Noviembre,13,Jueves,False,False,False,False,True,317,46,,,,,,,,,-0.0045999999999999375,47.27,1.0626189972498412,False,False,False,False,False,False,False,False,False,False,True,False,False,False,False,False,False,False,False,False,False,False,False,False,False,False,False,True,False,False,False,False,True,False,False,False,False,False,False,False,False,False,False,False
2025-11-14,PROD_001,Nike Air Zoom Pegasus 40,Running,Zapatillas Running,115,True,,115.0,,2025,4,11,Noviembre,14,Viernes,False,False,False,False,True,318,46,,,,,,,,,0.0,106.64333333333333,1.0783608914450036,False,False,False,False,False,False,False,False,False,False,False,False,False,False,True,False,False,False,False,False,False,False,False,False,False,False,True,False,False,False,False,False,False,False,False,False,False,False,False,False,False,False,True,False
2025-11-14,PROD_002,Adidas Ultraboost 23,Running,Zapatillas Running,135,True,,135.0,,2025,4,11,Noviembre,14,Viernes,False,False,False,False,True,318,46,,,,,,,,,0.0,125.33,1.0771563073485997,False,True,False,False,False,False,False,False,False,False,False,False,False,False,False,False,False,False,False,False,False,False,False,False,False,False,True,False,False,False,False,False,False,False,False,False,False,False,False,False,False,False,True,False
2025-11-14,PROD_003,Asics Gel Nimbus 25,Running,Zapatillas Running,85,False,,84.08,,2025,4,11,Noviembre,14,Viernes,False,False,False,False,True,318,46,,,,,,,,,0.010823529411764676,80.90666666666668,1.0392221489782463,False,False,True,False,False,False,False,False,False,False,False,False,False,False,False,False,False,False,False,False,False,False,False,False,False,False,True,False,False,False,False,False,False,False,False,False,False,False,False,False,False,False,True,False
2025-11-14,PROD_004,New Balance Fresh Foam X 1080v12,Running,Zapatillas Running,75,False,,73.61,,2025,4,11,Noviembre,14,Viernes,False,False,False,False,True,318,46,,,,,,,,,0.01853333333333329,72.75,1.0118213058419243,False,False,False,False,False,False,False,False,False,False,False,False,False,True,False,False,False,False,False,False,False,False,False,False,False,False,True,False,False,False,False,False,False,False,False,False,False,False,False,False,False,False,True,False
2025-11-14,PROD_005,Nike Dri-FIT Miler,Running,Ropa Running,35,False,,34.36,,2025,4,11,Noviembre,14,Viernes,False,False,False,False,True,318,46,,,,,,,,,0.01828571428571435,34.38999999999999,0.9991276533876129,False,False,False,False,False,False,False,False,False,False,False,False,False,False,False,True,False,False,False,False,False,False,False,False,False,False,True,False,False,False,False,False,False,False,False,False,False,False,False,False,False,True,False,False
2025-11-14,PROD_006,Adidas Own The Run Jacket,Running,Ropa Running,65,False,,64.43,,2025,4,11,Noviembre,14,Viernes,False,False,False,False,True,318,46,,,,,,,,,0.00876923076923064,61.81,1.042387963112765,True,False,False,False,False,False,False,False,False,False,False,False,False,False,False,False,False,False,False,False,False,False,False,False,False,False,True,False,False,False,False,False,False,False,False,False,False,False,False,False,False,True,False,False
2025-11-14,PROD_007,Puma Velocity Nitro 2,Running,Zapatillas Running,70,False,,71.01,,2025,4,11,Noviembre,14,Viernes,False,False,False,False,True,318,46,,,,,,,,,-0.014428571428571457,67.69999999999999,1.0488921713441657,False,False,False,False,False,False,False,False,False,False,False,False,False,False,False,False,True,False,False,False,False,False,False,False,False,False,True,False,False,False,False,False,False,False,False,False,False,False,False,False,False,False,True,False
2025-11-14,PROD_008,Reebok Floatride Energy 5,Running,Zapatillas Running,65,False,,66.26,,2025,4,11,Noviembre,14,Viernes,False,False,False,False,True,318,46,,,,,,,,,-0.019384615384615556,64.70666666666666,1.024005769627035,False,False,False,False,False,False,False,False,False,False,False,False,False,False,False,False,False,False,True,False,False,False,False,False,False,False,True,False,False,False,False,False,False,False,False,False,False,False,False,False,False,False,True,False
2025-11-14,PROD_009,Bowflex SelectTech 552,Fitness,Mancuernas Ajustables,400,True,,400.0,,2025,4,11,Noviembre,14,Viernes,False,False,False,False,True,318,46,,,,,,,,,0.0,371.1166666666666,1.077828176224907,False,False,False,True,False,False,False,False,False,False,False,False,False,False,False,False,False,False,False,False,False,False,False,False,True,False,False,False,False,False,False,False,False,False,False,True,False,False,False,False,False,False,False,False
2025-11-14,PROD_010,Domyos BM900,Fitness,Banco Gimnasio,175,True,,175.0,,2025,4,11,Noviembre,14,Viernes,False,False,False,False,True,318,46,,,,,,,,,0.0,155.76333333333332,1.1234993259004045,False,False,False,False,False,False,True,False,False,False,False,False,False,False,False,False,False,False,False,False,False,False,False,False,True,False,False,False,True,False,False,False,False,False,False,False,False,False,False,False,False,False,False,False
2025-11-14,PROD_011,Reebok Professional Deck,Fitness,Esterilla Fitness,45,False,,44.22,,2025,4,11,Noviembre,14,Viernes,False,False,False,False,True,318,46,,,,,,,,,0.01733333333333331,42.22666666666667,1.047205557309757,False,False,False,False,False,False,False,False,False,False,False,False,False,False,False,False,False,False,False,True,False,False,False,False,True,False,False,False,False,False,False,False,False,True,False,False,False,False,False,False,False,False,False,False
2025-11-14,PROD_012,Domyos Kit Mancuernas 20kg,Fitness,Pesas Casa,55,False,,54.88,,2025,4,11,Noviembre,14,Viernes,False,False,False,False,True,318,46,,,,,,,,,0.0021818181818181737,53.910000000000004,1.017992951214988,False,False,False,False,False,False,False,True,False,False,False,False,False,False,False,False,False,False,False,False,False,False,False,False,True,False,False,False,False,False,False,False,False,False,False,False,False,False,True,False,False,False,False,False
2025-11-14,PROD_013,Decathlon Bandas Elásticas Set,Fitness,Bandas Elásticas,25,False,,25.06,,2025,4,11,Noviembre,14,Viernes,False,False,False,False,True,318,46,,,,,,,,,-0.0023999999999999577,24.11,1.0394027374533388,False,False,False,False,False,True,False,False,False,False,False,False,False,False,False,False,False,False,False,False,False,False,False,False,True,False,False,False,False,True,False,False,False,False,False,False,False,False,False,False,False,False,False,False
2025-11-14,PROD_014,Sveltus Kettlebell 12kg,Fitness,Pesa Rusa,40,False,,39.39,,2025,4,11,Noviembre,14,Viernes,False,False,False,False,True,318,46,,,,,,,,,0.015249999999999986,40.17666666666667,0.9804198124948145,False,False,False,False,False,False,False,False,False,False,False,False,False,False,False,False,False,False,False,False,False,True,False,False,True,False,False,False,False,False,False,False,False,False,False,False,False,True,False,False,False,False,False,False
2025-11-14,PROD_015,Salomon Speedcross 5 GTX,Outdoor,Zapatillas Trail,150,True,,150.0,,2025,4,11,Noviembre,14,Viernes,False,False,False,False,True,318,46,,,,,,,,,0.0,148.19,1.0122140495310075,False,False,False,False,False,False,False,False,False,False,False,False,False,False,False,False,False,False,False,False,True,False,False,False,False,True,False,False,False,False,False,False,False,False,False,False,False,False,False,False,False,False,False,True
2025-11-14,PROD_016,Trek Marlin 7,Outdoor,Bicicleta Montaña,830,True,,830.0,,2025,4,11,Noviembre,14,Viernes,False,False,False,False,True,318,46,,,,,,,,,0.0,780.8766666666667,1.0629079282686553,False,False,False,False,False,False,False,False,False,False,False,False,False,False,False,False,False,False,False,False,False,False,False,True,False,True,False,False,False,False,True,False,False,False,False,False,False,False,False,False,False,False,False,False
2025-11-14,PROD_017,The North Face Borealis,Outdoor,Mochila Trekking,95,False,,94.81,,2025,4,11,Noviembre,14,Viernes,False,False,False,False,True,318,46,,,,,,,,,0.0020000000000000018,90.01333333333334,1.053288401718264,False,False,False,False,False,False,False,False,False,False,False,False,False,False,False,False,False,False,False,False,False,False,True,False,False,True,False,False,False,False,False,False,False,False,False,False,True,False,False,False,False,False,False,False
2025-11-14,PROD_018,Columbia Silver Ridge,Outdoor,Ropa Montaña,70,False,,70.17,,2025,4,11,Noviembre,14,Viernes,False,False,False,False,True,318,46,,,,,,,,,-0.0024285714285714466,67.95333333333333,1.0326204257823997,False,False,False,False,True,False,False,False,False,False,False,False,False,False,False,False,False,False,False,False,False,False,False,False,False,True,False,False,False,False,False,False,False,False,False,False,False,False,False,False,True,False,False,False
2025-11-14,PROD_019,Merrell Moab 2 GTX,Outdoor,Zapatillas Trail,110,False,,109.15,,2025,4,11,Noviembre,14,Viernes,False,False,False,False,True,318,46,,,,,,,,,0.007727272727272694,110.10333333333334,0.9913414671066574,False,False,False,False,False,False,False,False,False,False,False,False,True,False,False,False,False,False,False,False,False,False,False,False,False,True,False,False,False,False,False,False,False,False,False,False,False,False,False,False,False,False,False,True
2025-11-14,PROD_020,Quechua MH500,Outdoor,Ropa Montaña,80,False,,78.61,,2025,4,11,Noviembre,14,Viernes,False,False,False,False,True,318,46,,,,,,,,,0.01737500000000003,74.30333333333333,1.0579606119061506,False,False,False,False,False,False,False,False,False,False,False,False,False,False,False,False,False,True,False,False,False,False,False,False,False,True,False,False,False,False,False,False,False,False,False,False,False,False,False,False,True,False,False,False
2025-11-14,PROD_021,Manduka PRO Yoga Mat,Wellness,Esterilla Yoga,130,True,,130.0,,2025,4,11,Noviembre,14,Viernes,False,False,False,False,True,318,46,,,,,,,,,0.0,120.81666666666666,1.076010484204718,False,False,False,False,False,False,False,False,False,False,False,True,False,False,False,False,False,False,False,False,False,False,False,False,False,False,False,True,False,False,False,False,False,False,True,False,False,False,False,False,False,False,False,False
2025-11-14,PROD_022,Gaiam Premium Yoga Block,Wellness,Bloque Yoga,20,False,,19.76,,2025,4,11,Noviembre,14,Viernes,False,False,False,False,True,318,46,,,,,,,,,0.0119999999999999,19.013333333333332,1.0392706872370268,False,False,False,False,False,False,False,False,True,False,False,False,False,False,False,False,False,False,False,False,False,False,False,False,False,False,False,True,False,False,False,True,False,False,False,False,False,False,False,False,False,False,False,False
2025-11-14,PROD_023,Liforme Yoga Pad,Wellness,Rodillera Yoga,35,False,,34.36,,2025,4,11,Noviembre,14,Viernes,False,False,False,False,True,318,46,,,,,,,,,0.01828571428571435,34.28333333333334,1.0022362664073892,False,False,False,False,False,False,False,False,False,True,False,False,False,False,False,False,False,False,False,False,False,False,False,False,False,False,False,True,False,False,False,False,False,False,False,False,False,False,False,True,False,False,False,False
2025-11-14,PROD_024,Lotuscrafts Yoga Bolster,Wellness,Cojín Yoga,50,False,,49.4,,2025,4,11,Noviembre,14,Viernes,False,False,False,False,True,318,46,,,,,,,,,0.01200000000000001,49.18333333333334,1.0044052863436121,False,False,False,False,False,False,False,False,False,False,True,False,False,False,False,False,False,False,False,False,False,False,False,False,False,False,False,True,False,False,False,False,True,False,False,False,False,False,False,False,False,False,False,False
2025-11-15,PROD_001,Nike Air Zoom Pegasus 40,Running,Zapatillas Running,115,True,,115.0,,2025,5,11,Noviembre,15,Sábado,True,False,False,False,False,319,46,,,,,,,,,0.0,97.13,1.1839802326778546,False,False,False,False,False,False,False,False,False,False,False,False,False,False,True,False,False,False,False,False,False,False,False,False,False,False,True,False,False,False,False,False,False,False,False,False,False,False,False,False,False,False,True,False
2025-11-15,PROD_002,Adidas Ultraboost 23,Running,Zapatillas Running,135,True,,135.0,,2025,5,11,Noviembre,15,Sábado,True,False,False,False,False,319,46,,,,,,,,,0.0,118.69333333333333,1.1373848573354304,False,True,False,False,False,False,False,False,False,False,False,False,False,False,False,False,False,False,False,False,False,False,False,False,False,False,True,False,False,False,False,False,False,False,False,False,False,False,False,False,False,False,True,False
2025-11-15,PROD_003,Asics Gel Nimbus 25,Running,Zapatillas Running,85,False,,83.85,,2025,5,11,Noviembre,15,Sábado,True,False,False,False,False,319,46,,,,,,,,,0.013529411764705901,83.45666666666666,1.0047130247234093,False,False,True,False,False,False,False,False,False,False,False,False,False,False,False,False,False,False,False,False,False,False,False,False,False,False,True,False,False,False,False,False,False,False,False,False,False,False,False,False,False,False,True,False
2025-11-15,PROD_004,New Balance Fresh Foam X 1080v12,Running,Zapatillas Running,75,False,,75.81,,2025,5,11,Noviembre,15,Sábado,True,False,False,False,False,319,46,,,,,,,,,-0.01079999999999992,70.31666666666666,1.0781227779094573,False,False,False,False,False,False,False,False,False,False,False,False,False,True,False,False,False,False,False,False,False,False,False,False,False,False,True,False,False,False,False,False,False,False,False,False,False,False,False,False,False,False,True,False
2025-11-15,PROD_005,Nike Dri-FIT Miler,Running,Ropa Running,35,False,,35.17,,2025,5,11,Noviembre,15,Sábado,True,False,False,False,False,319,46,,,,,,,,,-0.004857142857142893,32.21666666666666,1.0916709777547855,False,False,False,False,False,False,False,False,False,False,False,False,False,False,False,True,False,False,False,False,False,False,False,False,False,False,True,False,False,False,False,False,False,False,False,False,False,False,False,False,False,True,False,False
2025-11-15,PROD_006,Adidas Own The Run Jacket,Running,Ropa Running,65,False,,65.02,,2025,5,11,Noviembre,15,Sábado,True,False,False,False,False,319,46,,,,,,,,,-0.0003076923076923421,60.26333333333333,1.0789313568228331,True,False,False,False,False,False,False,False,False,False,False,False,False,False,False,False,False,False,False,False,False,False,False,False,False,False,True,False,False,False,False,False,False,False,False,False,False,False,False,False,False,True,False,False
2025-11-15,PROD_007,Puma Velocity Nitro 2,Running,Zapatillas Running,70,False,,69.36,,2025,5,11,Noviembre,15,Sábado,True,False,False,False,False,319,46,,,,,,,,,0.00914285714285712,68.54666666666667,1.0118653958373858,False,False,False,False,False,False,False,False,False,False,False,False,False,False,False,False,True,False,False,False,False,False,False,False,False,False,True,False,False,False,False,False,False,False,False,False,False,False,False,False,False,False,True,False
2025-11-15,PROD_008,Reebok Floatride Energy 5,Running,Zapatillas Running,65,False,,64.32,,2025,5,11,Noviembre,15,Sábado,True,False,False,False,False,319,46,,,,,,,,,0.010461538461538522,61.48666666666666,1.0460804510462973,False,False,False,False,False,False,False,False,False,False,False,False,False,False,False,False,False,False,True,False,False,False,False,False,False,False,True,False,False,False,False,False,False,False,False,False,False,False,False,False,False,False,True,False
2025-11-15,PROD_009,Bowflex SelectTech 552,Fitness,Mancuernas Ajustables,400,True,,400.0,,2025,5,11,Noviembre,15,Sábado,True,False,False,False,False,319,46,,,,,,,,,0.0,351.81,1.1369773457263863,False,False,False,True,False,False,False,False,False,False,False,False,False,False,False,False,False,False,False,False,False,False,False,False,True,False,False,False,False,False,False,False,False,False,False,True,False,False,False,False,False,False,False,False
2025-11-15,PROD_010,Domyos BM900,Fitness,Banco Gimnasio,175,True,,175.0,,2025,5,11,Noviembre,15,Sábado,True,False,False,False,False,319,46,,,,,,,,,0.0,169.14,1.034645855504316,False,False,False,False,False,False,True,False,False,False,False,False,False,False,False,False,False,False,False,False,False,False,False,False,True,False,False,False,True,False,False,False,False,False,False,False,False,False,False,False,False,False,False,False
2025-11-15,PROD_011,Reebok Professional Deck,Fitness,Esterilla Fitness,45,False,,45.54,,2025,5,11,Noviembre,15,Sábado,True,False,False,False,False,319,46,,,,,,,,,-0.01200000000000001,42.21666666666666,1.0787208843268852,False,False,False,False,False,False,False,False,False,False,False,False,False,False,False,False,False,False,False,True,False,False,False,False,True,False,False,False,False,False,False,False,False,True,False,False,False,False,False,False,False,False,False,False
2025-11-15,PROD_012,Domyos Kit Mancuernas 20kg,Fitness,Pesas Casa,55,False,,55.98,,2025,5,11,Noviembre,15,Sábado,True,False,False,False,False,319,46,,,,,,,,,-0.017818181818181733,55.21,1.0139467487773954,False,False,False,False,False,False,False,True,False,False,False,False,False,False,False,False,False,False,False,False,False,False,False,False,True,False,False,False,False,False,False,False,False,False,False,False,False,False,True,False,False,False,False,False
2025-11-15,PROD_013,Decathlon Bandas Elásticas Set,Fitness,Bandas Elásticas,25,False,,25.04,,2025,5,11,Noviembre,15,Sábado,True,False,False,False,False,319,46,,,,,,,,,-0.0016000000000000458,23.663333333333338,1.0581772080574727,False,False,False,False,False,True,False,False,False,False,False,False,False,False,False,False,False,False,False,False,False,False,False,False,True,False,False,False,False,True,False,False,False,False,False,False,False,False,False,False,False,False,False,False
2025-11-15,PROD_014,Sveltus Kettlebell 12kg,Fitness,Pesa Rusa,40,False,,39.27,,2025,5,11,Noviembre,15,Sábado,True,False,False,False,False,319,46,,,,,,,,,0.018249999999999877,41.76333333333333,0.9402985074626867,False,False,False,False,False,False,False,False,False,False,False,False,False,False,False,False,False,False,False,False,False,True,False,False,True,False,False,False,False,False,False,False,False,False,False,False,False,True,False,False,False,False,False,False
2025-11-15,PROD_015,Salomon Speedcross 5 GTX,Outdoor,Zapatillas Trail,150,True,,150.0,,2025,5,11,Noviembre,15,Sábado,True,False,False,False,False,319,46,,,,,,,,,0.0,141.62333333333333,1.0591475039423823,False,False,False,False,False,False,False,False,False,False,False,False,False,False,False,False,False,False,False,False,True,False,False,False,False,True,False,False,False,False,False,False,False,False,False,False,False,False,False,False,False,False,False,True
2025-11-15,PROD_016,Trek Marlin 7,Outdoor,Bicicleta Montaña,830,True,,830.0,,2025,5,11,Noviembre,15,Sábado,True,False,False,False,False,319,46,,,,,,,,,0.0,758.3066666666667,1.0945439839642712,False,False,False,False,False,False,False,False,False,False,False,False,False,False,False,False,False,False,False,False,False,False,False,True,False,True,False,False,False,False,True,False,False,False,False,False,False,False,False,False,False,False,False,False
2025-11-15,PROD_017,The North Face Borealis,Outdoor,Mochila Trekking,95,False,,93.34,,2025,5,11,Noviembre,15,Sábado,True,False,False,False,False,319,46,,,,,,,,,0.017473684210526308,89.58,1.0419736548336682,False,False,False,False,False,False,False,False,False,False,False,False,False,False,False,False,False,False,False,False,False,False,True,False,False,True,False,False,False,False,False,False,False,False,False,False,True,False,False,False,False,False,False,False
2025-11-15,PROD_018,Columbia Silver Ridge,Outdoor,Ropa Montaña,70,False,,70.13,,2025,5,11,Noviembre,15,Sábado,True,False,False,False,False,319,46,,,,,,,,,-0.0018571428571427795,67.81333333333335,1.0341624066063702,False,False,False,False,True,False,False,False,False,False,False,False,False,False,False,False,False,False,False,False,False,False,False,False,False,True,False,False,False,False,False,False,False,False,False,False,False,False,False,False,True,False,False,False
2025-11-15,PROD_019,Merrell Moab 2 GTX,Outdoor,Zapatillas Trail,110,False,,111.31,,2025,5,11,Noviembre,15,Sábado,True,False,False,False,False,319,46,,,,,,,,,-0.01190909090909087,107.23666666666666,1.037984520220074,False,False,False,False,False,False,False,False,False,False,False,False,True,False,False,False,False,False,False,False,False,False,False,False,False,True,False,False,False,False,False,False,False,False,False,False,False,False,False,False,False,False,False,True
2025-11-15,PROD_020,Quechua MH500,Outdoor,Ropa Montaña,80,False,,78.65,,2025,5,11,Noviembre,15,Sábado,True,False,False,False,False,319,46,,,,,,,,,0.016874999999999973,78.83,0.997716605353292,False,False,False,False,False,False,False,False,False,False,False,False,False,False,False,False,False,True,False,False,False,False,False,False,False,True,False,False,False,False,False,False,False,False,False,False,False,False,False,False,True,False,False,False
2025-11-15,PROD_021,Manduka PRO Yoga Mat,Wellness,Esterilla Yoga,130,True,,130.0,,2025,5,11,Noviembre,15,Sábado,True,False,False,False,False,319,46,,,,,,,,,0.0,125.23333333333333,1.0380622837370241,False,False,False,False,False,False,False,False,False,False,False,True,False,False,False,False,False,False,False,False,False,False,False,False,False,False,False,True,False,False,False,False,False,False,True,False,False,False,False,False,False,False,False,False
2025-11-15,PROD_022,Gaiam Premium Yoga Block,Wellness,Bloque Yoga,20,False,,20.23,,2025,5,11,Noviembre,15,Sábado,True,False,False,False,False,319,46,,,,,,,,,-0.011500000000000066,19.21,1.0530973451327434,False,False,False,False,False,False,False,False,True,False,False,False,False,False,False,False,False,False,False,False,False,False,False,False,False,False,False,True,False,False,False,True,False,False,False,False,False,False,False,False,False,False,False,False
2025-11-15,PROD_023,Liforme Yoga Pad,Wellness,Rodillera Yoga,35,False,,35.36,,2025,5,11,Noviembre,15,Sábado,True,False,False,False,False,319,46,,,,,,,,,-0.010285714285714231,32.98666666666667,1.0719482619240095,False,False,False,False,False,False,False,False,False,True,False,False,False,False,False,False,False,False,False,False,False,False,False,False,False,False,False,True,False,False,False,False,False,False,False,False,False,False,False,True,False,False,False,False
2025-11-15,PROD_024,Lotuscrafts Yoga Bolster,Wellness,Cojín Yoga,50,False,,49.03,,2025,5,11,Noviembre,15,Sábado,True,False,False,False,False,319,46,,,,,,,,,0.019399999999999973,46.73,1.049218917183822,False,False,False,False,False,False,False,False,False,False,True,False,False,False,False,False,False,False,False,False,False,False,False,False,False,False,False,True,False,False,False,False,True,False,False,False,False,False,False,False,False,False,False,False
2025-11-16,PROD_001,Nike Air Zoom Pegasus 40,Running,Zapatillas Running,115,True,,115.0,,2025,6,11,Noviembre,16,Domingo,True,False,False,False,False,320,46,,,,,,,,,0.0,100.21666666666665,1.1475137202727426,False,False,False,False,False,False,False,False,False,False,False,False,False,False,True,False,False,False,False,False,False,False,False,False,False,False,True,False,False,False,False,False,False,False,False,False,False,False,False,False,False,False,True,False
2025-11-16,PROD_002,Adidas Ultraboost 23,Running,Zapatillas Running,135,True,,135.0,,2025,6,11,Noviembre,16,Domingo,True,False,False,False,False,320,46,,,,,,,,,0.0,121.59333333333332,1.1102582378419872,False,True,False,False,False,False,False,False,False,False,False,False,False,False,False,False,False,False,False,False,False,False,False,False,False,False,True,False,False,False,False,False,False,False,False,False,False,False,False,False,False,False,True,False
2025-11-16,PROD_003,Asics Gel Nimbus 25,Running,Zapatillas Running,85,False,,86.33,,2025,6,11,Noviembre,16,Domingo,True,False,False,False,False,320,46,,,,,,,,,-0.015647058823529347,84.56333333333333,1.0208916394024203,False,False,True,False,False,False,False,False,False,False,False,False,False,False,False,False,False,False,False,False,False,False,False,False,False,False,True,False,False,False,False,False,False,False,False,False,False,False,False,False,False,False,True,False
2025-11-16,PROD_004,New Balance Fresh Foam X 1080v12,Running,Zapatillas Running,75,False,,73.76,,2025,6,11,Noviembre,16,Domingo,True,False,False,False,False,320,46,,,,,,,,,0.01653333333333329,73.83,0.9990518759311934,False,False,False,False,False,False,False,False,False,False,False,False,False,True,False,False,False,False,False,False,False,False,False,False,False,False,True,False,False,False,False,False,False,False,False,False,False,False,False,False,False,False,True,False
2025-11-16,PROD_005,Nike Dri-FIT Miler,Running,Ropa Running,35,False,,35.12,,2025,6,11,Noviembre,16,Domingo,True,False,False,False,False,320,46,,,,,,,,,-0.0034285714285713365,33.00333333333333,1.0641349358650642,False,False,False,False,False,False,False,False,False,False,False,False,False,False,False,True,False,False,False,False,False,False,False,False,False,False,True,False,False,False,False,False,False,False,False,False,False,False,False,False,False,True,False,False
2025-11-16,PROD_006,Adidas Own The Run Jacket,Running,Ropa Running,65,False,,65.29,,2025,6,11,Noviembre,16,Domingo,True,False,False,False,False,320,46,,,,,,,,,-0.004461538461538517,62.343333333333334,1.047265144629204,True,False,False,False,False,False,False,False,False,False,False,False,False,False,False,False,False,False,False,False,False,False,False,False,False,False,True,False,False,False,False,False,False,False,False,False,False,False,False,False,False,True,False,False
2025-11-16,PROD_007,Puma Velocity Nitro 2,Running,Zapatillas Running,70,False,,68.68,,2025,6,11,Noviembre,16,Domingo,True,False,False,False,False,320,46,,,,,,,,,0.018857142857142795,68.19999999999999,1.0070381231671557,False,False,False,False,False,False,False,False,False,False,False,False,False,False,False,False,True,False,False,False,False,False,False,False,False,False,True,False,False,False,False,False,False,False,False,False,False,False,False,False,False,False,True,False
2025-11-16,PROD_008,Reebok Floatride Energy 5,Running,Zapatillas Running,65,False,,64.45,,2025,6,11,Noviembre,16,Domingo,True,False,False,False,False,320,46,,,,,,,,,0.00846153846153841,61.21666666666667,1.0528178600598965,False,False,False,False,False,False,False,False,False,False,False,False,False,False,False,False,False,False,True,False,False,False,False,False,False,False,True,False,False,False,False,False,False,False,False,False,False,False,False,False,False,False,True,False
2025-11-16,PROD_009,Bowflex SelectTech 552,Fitness,Mancuernas Ajustables,400,True,,400.0,,2025,6,11,Noviembre,16,Domingo,True,False,False,False,False,320,46,,,,,,,,,0.0,358.5566666666666,1.115583775693289,False,False,False,True,False,False,False,False,False,False,False,False,False,False,False,False,False,False,False,False,False,False,False,False,True,False,False,False,False,False,False,False,False,False,False,True,False,False,False,False,False,False,False,False
2025-11-16,PROD_010,Domyos BM900,Fitness,Banco Gimnasio,175,True,,175.0,,2025,6,11,Noviembre,16,Domingo,True,False,False,False,False,320,46,,,,,,,,,0.0,163.62333333333333,1.0695296106912218,False,False,False,False,False,False,True,False,False,False,False,False,False,False,False,False,False,False,False,False,False,False,False,False,True,False,False,False,True,False,False,False,False,False,False,False,False,False,False,False,False,False,False,False
2025-11-16,PROD_011,Reebok Professional Deck,Fitness,Esterilla Fitness,45,False,,45.18,,2025,6,11,Noviembre,16,Domingo,True,False,False,False,False,320,46,,,,,,,,,-0.0040000000000000036,41.85,1.0795698924731183,False,False,False,False,False,False,False,False,False,False,False,False,False,False,False,False,False,False,False,True,False,False,False,False,True,False,False,False,False,False,False,False,False,True,False,False,False,False,False,False,False,False,False,False
2025-11-16,PROD_012,Domyos Kit Mancuernas 20kg,Fitness,Pesas Casa,55,False,,55.26,,2025,6,11,Noviembre,16,Domingo,True,False,False,False,False,320,46,,,,,,,,,-0.004727272727272691,54.906666666666666,1.0064351627003398,False,False,False,False,False,False,False,True,False,False,False,False,False,False,False,False,False,False,False,False,False,False,False,False,True,False,False,False,False,False,False,False,False,False,False,False,False,False,True,False,False,False,False,False
2025-11-16,PROD_013,Decathlon Bandas Elásticas Set,Fitness,Bandas Elásticas,25,False,,25.16,,2025,6,11,Noviembre,16,Domingo,True,False,False,False,False,320,46,,,,,,,,,-0.006399999999999961,24.163333333333338,1.0412470685611808,False,False,False,False,False,True,False,False,False,False,False,False,False,False,False,False,False,False,False,False,False,False,False,False,True,False,False,False,False,True,False,False,False,False,False,False,False,False,False,False,False,False,False,False
2025-11-16,PROD_014,Sveltus Kettlebell 12kg,Fitness,Pesa Rusa,40,False,,40.4,,2025,6,11,Noviembre,16,Domingo,True,False,False,False,False,320,46,,,,,,,,,-0.010000000000000009,39.45333333333333,1.023994592767827,False,False,False,False,False,False,False,False,False,False,False,False,False,False,False,False,False,False,False,False,False,True,False,False,True,False,False,False,False,False,False,False,False,False,False,False,False,True,False,False,False,False,False,False
2025-11-16,PROD_015,Salomon Speedcross 5 GTX,Outdoor,Zapatillas Trail,150,True,,150.0,,2025,6,11,Noviembre,16,Domingo,True,False,False,False,False,320,46,,,,,,,,,0.0,148.04333333333332,1.0132168509220274,False,False,False,False,False,False,False,False,False,False,False,False,False,False,False,False,False,False,False,False,True,False,False,False,False,True,False,False,False,False,False,False,False,False,False,False,False,False,False,False,False,False,False,True
2025-11-16,PROD_016,Trek Marlin 7,Outdoor,Bicicleta Montaña,830,True,,830.0,,2025,6,11,Noviembre,16,Domingo,True,False,False,False,False,320,46,,,,,,,,,0.0,822.8866666666667,1.0086443657692838,False,False,False,False,False,False,False,False,False,False,False,False,False,False,False,False,False,False,False,False,False,False,False,True,False,True,False,False,False,False,True,False,False,False,False,False,False,False,False,False,False,False,False,False
2025-11-16,PROD_017,The North Face Borealis,Outdoor,Mochila Trekking,95,False,,93.18,,2025,6,11,Noviembre,16,Domingo,True,False,False,False,False,320,46,,,,,,,,,0.01915789473684204,91.74000000000001,1.015696533682145,False,False,False,False,False,False,False,False,False,False,False,False,False,False,False,False,False,False,False,False,False,False,True,False,False,True,False,False,False,False,False,False,False,False,False,False,True,False,False,False,False,False,False,False
2025-11-16,PROD_018,Columbia Silver Ridge,Outdoor,Ropa Montaña,70,False,,68.91,,2025,6,11,Noviembre,16,Domingo,True,False,False,False,False,320,46,,,,,,,,,0.01557142857142857,67.42333333333333,1.0220497355020517,False,False,False,False,True,False,False,False,False,False,False,False,False,False,False,False,False,False,False,False,False,False,False,False,False,True,False,False,False,False,False,False,False,False,False,False,False,False,False,False,True,False,False,False
2025-11-16,PROD_019,Merrell Moab 2 GTX,Outdoor,Zapatillas Trail,110,False,,109.2,,2025,6,11,Noviembre,16,Domingo,True,False,False,False,False,320,46,,,,,,,,,0.0072727272727272085,107.75999999999999,1.0133630289532296,False,False,False,False,False,False,False,False,False,False,False,False,True,False,False,False,False,False,False,False,False,False,False,False,False,True,False,False,False,False,False,False,False,False,False,False,False,False,False,False,False,False,False,True
2025-11-16,PROD_020,Quechua MH500,Outdoor,Ropa Montaña,80,False,,80.66,,2025,6,11,Noviembre,16,Domingo,True,False,False,False,False,320,46,,,,,,,,,-0.008249999999999869,73.86,1.0920660709450312,False,False,False,False,False,False,False,False,False,False,False,False,False,False,False,False,False,True,False,False,False,False,False,False,False,True,False,False,False,False,False,False,False,False,False,False,False,False,False,False,True,False,False,False
2025-11-16,PROD_021,Manduka PRO Yoga Mat,Wellness,Esterilla Yoga,130,True,,130.0,,2025,6,11,Noviembre,16,Domingo,True,False,False,False,False,320,46,,,,,,,,,0.0,118.36333333333333,1.0983131037201836,False,False,False,False,False,False,False,False,False,False,False,True,False,False,False,False,False,False,False,False,False,False,False,False,False,False,False,True,False,False,False,False,False,False,True,False,False,False,False,False,False,False,False,False
2025-11-16,PROD_022,Gaiam Premium Yoga Block,Wellness,Bloque Yoga,20,False,,19.91,,2025,6,11,Noviembre,16,Domingo,True,False,False,False,False,320,46,,,,,,,,,0.0044999999999999485,19.74,1.0086119554204662,False,False,False,False,False,False,False,False,True,False,False,False,False,False,False,False,False,False,False,False,False,False,False,False,False,False,False,True,False,False,False,True,False,False,False,False,False,False,False,False,False,False,False,False
2025-11-16,PROD_023,Liforme Yoga Pad,Wellness,Rodillera Yoga,35,False,,35.01,,2025,6,11,Noviembre,16,Domingo,True,False,False,False,False,320,46,,,,,,,,,-0.0002857142857142225,34.5,1.0147826086956522,False,False,False,False,False,False,False,False,False,True,False,False,False,False,False,False,False,False,False,False,False,False,False,False,False,False,False,True,False,False,False,False,False,False,False,False,False,False,False,True,False,False,False,False
2025-11-16,PROD_024,Lotuscrafts Yoga Bolster,Wellness,Cojín Yoga,50,False,,49.13,,2025,6,11,Noviembre,16,Domingo,True,False,False,False,False,320,46,,,,,,,,,0.01739999999999997,48.35333333333333,1.0160623190403972,False,False,False,False,False,False,False,False,False,False,True,False,False,False,False,False,False,False,False,False,False,False,False,False,False,False,False,True,False,False,False,False,True,False,False,False,False,False,False,False,False,False,False,False
2025-11-17,PROD_001,Nike Air Zoom Pegasus 40,Running,Zapatillas Running,115,True,,115.0,,2025,0,11,Noviembre,17,Lunes,False,False,False,False,True,321,47,,,,,,,,,0.0,97.45333333333333,1.1800519906964018,False,False,False,False,False,False,False,False,False,False,False,False,False,False,True,False,False,False,False,False,False,False,False,False,False,False,True,False,False,False,False,False,False,False,False,False,False,False,False,False,False,False,True,False
2025-11-17,PROD_002,Adidas Ultraboost 23,Running,Zapatillas Running,135,True,,135.0,,2025,0,11,Noviembre,17,Lunes,False,False,False,False,True,321,47,,,,,,,,,0.0,119.52666666666666,1.1294550727871049,False,True,False,False,False,False,False,False,False,False,False,False,False,False,False,False,False,False,False,False,False,False,False,False,False,False,True,False,False,False,False,False,False,False,False,False,False,False,False,False,False,False,True,False
2025-11-17,PROD_003,Asics Gel Nimbus 25,Running,Zapatillas Running,85,False,,86.35,,2025,0,11,Noviembre,17,Lunes,False,False,False,False,True,321,47,,,,,,,,,-0.01588235294117646,80.56,1.0718718967229393,False,False,True,False,False,False,False,False,False,False,False,False,False,False,False,False,False,False,False,False,False,False,False,False,False,False,True,False,False,False,False,False,False,False,False,False,False,False,False,False,False,False,True,False
2025-11-17,PROD_004,New Balance Fresh Foam X 1080v12,Running,Zapatillas Running,75,False,,75.68,,2025,0,11,Noviembre,17,Lunes,False,False,False,False,True,321,47,,,,,,,,,-0.009066666666666778,73.67333333333333,1.0272373540856032,False,False,False,False,False,False,False,False,False,False,False,False,False,True,False,False,False,False,False,False,False,False,False,False,False,False,True,False,False,False,False,False,False,False,False,False,False,False,False,False,False,False,True,False
2025-11-17,PROD_005,Nike Dri-FIT Miler,Running,Ropa Running,35,False,,35.44,,2025,0,11,Noviembre,17,Lunes,False,False,False,False,True,321,47,,,,,,,,,-0.012571428571428456,32.93666666666667,1.076004452990588,False,False,False,False,False,False,False,False,False,False,False,False,False,False,False,True,False,False,False,False,False,False,False,False,False,False,True,False,False,False,False,False,False,False,False,False,False,False,False,False,False,True,False,False
2025-11-17,PROD_006,Adidas Own The Run Jacket,Running,Ropa Running,65,False,,65.08,,2025,0,11,Noviembre,17,Lunes,False,False,False,False,True,321,47,,,,,,,,,-0.0012307692307691465,61.03333333333333,1.0663025669033315,True,False,False,False,False,False,False,False,False,False,False,False,False,False,False,False,False,False,False,False,False,False,False,False,False,False,True,False,False,False,False,False,False,False,False,False,False,False,False,False,False,True,False,False
2025-11-17,PROD_007,Puma Velocity Nitro 2,Running,Zapatillas Running,70,False,,70.48,,2025,0,11,Noviembre,17,Lunes,False,False,False,False,True,321,47,,,,,,,,,-0.006857142857142895,66.50333333333333,1.0597965014285,False,False,False,False,False,False,False,False,False,False,False,False,False,False,False,False,True,False,False,False,False,False,False,False,False,False,True,False,False,False,False,False,False,False,False,False,False,False,False,False,False,False,True,False
2025-11-17,PROD_008,Reebok Floatride Energy 5,Running,Zapatillas Running,65,False,,64.7,,2025,0,11,Noviembre,17,Lunes,False,False,False,False,True,321,47,,,,,,,,,0.004615384615384577,63.06,1.0260069774817635,False,False,False,False,False,False,False,False,False,False,False,False,False,False,False,False,False,False,True,False,False,False,False,False,False,False,True,False,False,False,False,False,False,False,False,False,False,False,False,False,False,False,True,False
2025-11-17,PROD_009,Bowflex SelectTech 552,Fitness,Mancuernas Ajustables,400,True,,400.0,,2025,0,11,Noviembre,17,Lunes,False,False,False,False,True,321,47,,,,,,,,,0.0,380.8433333333333,1.0503006485606505,False,False,False,True,False,False,False,False,False,False,False,False,False,False,False,False,False,False,False,False,False,False,False,False,True,False,False,False,False,False,False,False,False,False,False,True,False,False,False,False,False,False,False,False
2025-11-17,PROD_010,Domyos BM900,Fitness,Banco Gimnasio,175,True,,175.0,,2025,0,11,Noviembre,17,Lunes,False,False,False,False,True,321,47,,,,,,,,,0.0,171.91666666666666,1.0179350460494425,False,False,False,False,False,False,True,False,False,False,False,False,False,False,False,False,False,False,False,False,False,False,False,False,True,False,False,False,True,False,False,False,False,False,False,False,False,False,False,False,False,False,False,False
2025-11-17,PROD_011,Reebok Professional Deck,Fitness,Esterilla Fitness,45,False,,45.65,,2025,0,11,Noviembre,17,Lunes,False,False,False,False,True,321,47,,,,,,,,,-0.014444444444444482,42.98666666666667,1.0619571960297765,False,False,False,False,False,False,False,False,False,False,False,False,False,False,False,False,False,False,False,True,False,False,False,False,True,False,False,False,False,False,False,False,False,True,False,False,False,False,False,False,False,False,False,False
2025-11-17,PROD_012,Domyos Kit Mancuernas 20kg,Fitness,Pesas Casa,55,False,,54.37,,2025,0,11,Noviembre,17,Lunes,False,False,False,False,True,321,47,,,,,,,,,0.011454545454545495,55.01333333333334,0.9883058652447889,False,False,False,False,False,False,False,True,False,False,False,False,False,False,False,False,False,False,False,False,False,False,False,False,True,False,False,False,False,False,False,False,False,False,False,False,False,False,True,False,False,False,False,False
2025-11-17,PROD_013,Decathlon Bandas Elásticas Set,Fitness,Bandas Elásticas,25,False,,24.65,,2025,0,11,Noviembre,17,Lunes,False,False,False,False,True,321,47,,,,,,,,,0.014000000000000012,25.526666666666667,0.9656568294593888,False,False,False,False,False,True,False,False,False,False,False,False,False,False,False,False,False,False,False,False,False,False,False,False,True,False,False,False,False,True,False,False,False,False,False,False,False,False,False,False,False,False,False,False
2025-11-17,PROD_014,Sveltus Kettlebell 12kg,Fitness,Pesa Rusa,40,False,,40.68,,2025,0,11,Noviembre,17,Lunes,False,False,False,False,True,321,47,,,,,,,,,-0.016999999999999904,37.38333333333333,1.088185465893892,False,False,False,False,False,False,False,False,False,False,False,False,False,False,False,False,False,False,False,False,False,True,False,False,True,False,False,False,False,False,False,False,False,False,False,False,False,True,False,False,False,False,False,False
2025-11-17,PROD_015,Salomon Speedcross 5 GTX,Outdoor,Zapatillas Trail,150,True,,150.0,,2025,0,11,Noviembre,17,Lunes,False,False,False,False,True,321,47,,,,,,,,,0.0,141.77,1.058051774000141,False,False,False,False,False,False,False,False,False,False,False,False,False,False,False,False,False,False,False,False,True,False,False,False,False,True,False,False,False,False,False,False,False,False,False,False,False,False,False,False,False,False,False,True
2025-11-17,PROD_016,Trek Marlin 7,Outdoor,Bicicleta Montaña,830,True,,830.0,,2025,0,11,Noviembre,17,Lunes,False,False,False,False,True,321,47,,,,,,,,,0.0,764.8666666666667,1.0851564542839711,False,False,False,False,False,False,False,False,False,False,False,False,False,False,False,False,False,False,False,False,False,False,False,True,False,True,False,False,False,False,True,False,False,False,False,False,False,False,False,False,False,False,False,False
2025-11-17,PROD_017,The North Face Borealis,Outdoor,Mochila Trekking,95,False,,95.23,,2025,0,11,Noviembre,17,Lunes,False,False,False,False,True,321,47,,,,,,,,,-0.0024210526315788794,89.71999999999998,1.0614132857779761,False,False,False,False,False,False,False,False,False,False,False,False,False,False,False,False,False,False,False,False,False,False,True,False,False,True,False,False,False,False,False,False,False,False,False,False,True,False,False,False,False,False,False,False
2025-11-17,PROD_018,Columbia Silver Ridge,Outdoor,Ropa Montaña,70,False,,69.38,,2025,0,11,Noviembre,17,Lunes,False,False,False,False,True,321,47,,,,,,,,,0.008857142857142897,68.40666666666668,1.0142286326868724,False,False,False,False,True,False,False,False,False,False,False,False,False,False,False,False,False,False,False,False,False,False,False,False,False,True,False,False,False,False,False,False,False,False,False,False,False,False,False,False,True,False,False,False
2025-11-17,PROD_019,Merrell Moab 2 GTX,Outdoor,Zapatillas Trail,110,False,,110.44,,2025,0,11,Noviembre,17,Lunes,False,False,False,False,True,321,47,,,,,,,,,-0.0040000000000000036,108.21666666666665,1.020545202525797,False,False,False,False,False,False,False,False,False,False,False,False,True,False,False,False,False,False,False,False,False,False,False,False,False,True,False,False,False,False,False,False,False,False,False,False,False,False,False,False,False,False,False,True
2025-11-17,PROD_020,Quechua MH500,Outdoor,Ropa Montaña,80,False,,80.97,,2025,0,11,Noviembre,17,Lunes,False,False,False,False,True,321,47,,,,,,,,,-0.012124999999999941,76.64666666666666,1.0564060189614684,False,False,False,False,False,False,False,False,False,False,False,False,False,False,False,False,False,True,False,False,False,False,False,False,False,True,False,False,False,False,False,False,False,False,False,False,False,False,False,False,True,False,False,False
2025-11-17,PROD_021,Manduka PRO Yoga Mat,Wellness,Esterilla Yoga,130,True,,130.0,,2025,0,11,Noviembre,17,Lunes,False,False,False,False,True,321,47,,,,,,,,,0.0,126.49333333333334,1.0277221460946557,False,False,False,False,False,False,False,False,False,False,False,True,False,False,False,False,False,False,False,False,False,False,False,False,False,False,False,True,False,False,False,False,False,False,True,False,False,False,False,False,False,False,False,False
2025-11-17,PROD_022,Gaiam Premium Yoga Block,Wellness,Bloque Yoga,20,False,,19.88,,2025,0,11,Noviembre,17,Lunes,False,False,False,False,True,321,47,,,,,,,,,0.006000000000000005,19.66333333333333,1.0110188167486016,False,False,False,False,False,False,False,False,True,False,False,False,False,False,False,False,False,False,False,False,False,False,False,False,False,False,False,True,False,False,False,True,False,False,False,False,False,False,False,False,False,False,False,False
2025-11-17,PROD_023,Liforme Yoga Pad,Wellness,Rodillera Yoga,35,False,,35.3,,2025,0,11,Noviembre,17,Lunes,False,False,False,False,True,321,47,,,,,,,,,-0.008571428571428452,34.75666666666667,1.015632492567373,False,False,False,False,False,False,False,False,False,True,False,False,False,False,False,False,False,False,False,False,False,False,False,False,False,False,False,True,False,False,False,False,False,False,False,False,False,False,False,True,False,False,False,False
2025-11-17,PROD_024,Lotuscrafts Yoga Bolster,Wellness,Cojín Yoga,50,False,,50.21,,2025,0,11,Noviembre,17,Lunes,False,False,False,False,True,321,47,,,,,,,,,-0.0041999999999999815,48.32,1.039114238410596,False,False,False,False,False,False,False,False,False,False,True,False,False,False,False,False,False,False,False,False,False,False,False,False,False,False,False,True,False,False,False,False,True,False,False,False,False,False,False,False,False,False,False,False
2025-11-18,PROD_001,Nike Air Zoom Pegasus 40,Running,Zapatillas Running,115,True,,115.0,,2025,1,11,Noviembre,18,Martes,False,False,False,False,True,322,47,,,,,,,,,0.0,98.16666666666667,1.1714770797962648,False,False,False,False,False,False,False,False,False,False,False,False,False,False,True,False,False,False,False,False,False,False,False,False,False,False,True,False,False,False,False,False,False,False,False,False,False,False,False,False,False,False,True,False
2025-11-18,PROD_002,Adidas Ultraboost 23,Running,Zapatillas Running,135,True,,135.0,,2025,1,11,Noviembre,18,Martes,False,False,False,False,True,322,47,,,,,,,,,0.0,115.96,1.164194549844774,False,True,False,False,False,False,False,False,False,False,False,False,False,False,False,False,False,False,False,False,False,False,False,False,False,False,True,False,False,False,False,False,False,False,False,False,False,False,False,False,False,False,True,False
2025-11-18,PROD_003,Asics Gel Nimbus 25,Running,Zapatillas Running,85,False,,86.08,,2025,1,11,Noviembre,18,Martes,False,False,False,False,True,322,47,,,,,,,,,-0.012705882352941122,78.05999999999999,1.102741480912119,False,False,True,False,False,False,False,False,False,False,False,False,False,False,False,False,False,False,False,False,False,False,False,False,False,False,True,False,False,False,False,False,False,False,False,False,False,False,False,False,False,False,True,False
2025-11-18,PROD_004,New Balance Fresh Foam X 1080v12,Running,Zapatillas Running,75,False,,74.47,,2025,1,11,Noviembre,18,Martes,False,False,False,False,True,322,47,,,,,,,,,0.0070666666666666655,71.54666666666667,1.0408591129332836,False,False,False,False,False,False,False,False,False,False,False,False,False,True,False,False,False,False,False,False,False,False,False,False,False,False,True,False,False,False,False,False,False,False,False,False,False,False,False,False,False,False,True,False
2025-11-18,PROD_005,Nike Dri-FIT Miler,Running,Ropa Running,35,False,,35.61,,2025,1,11,Noviembre,18,Martes,False,False,False,False,True,322,47,,,,,,,,,-0.01742857142857135,34.88999999999999,1.0206362854686157,False,False,False,False,False,False,False,False,False,False,False,False,False,False,False,True,False,False,False,False,False,False,False,False,False,False,True,False,False,False,False,False,False,False,False,False,False,False,False,False,False,True,False,False
2025-11-18,PROD_006,Adidas Own The Run Jacket,Running,Ropa Running,65,False,,64.05,,2025,1,11,Noviembre,18,Martes,False,False,False,False,True,322,47,,,,,,,,,0.014615384615384697,64.18666666666667,0.9978707935189032,True,False,False,False,False,False,False,False,False,False,False,False,False,False,False,False,False,False,False,False,False,False,False,False,False,False,True,False,False,False,False,False,False,False,False,False,False,False,False,False,False,True,False,False
2025-11-18,PROD_007,Puma Velocity Nitro 2,Running,Zapatillas Running,70,False,,68.88,,2025,1,11,Noviembre,18,Martes,False,False,False,False,True,322,47,,,,,,,,,0.016000000000000014,68.46333333333332,1.0060859827644968,False,False,False,False,False,False,False,False,False,False,False,False,False,False,False,False,True,False,False,False,False,False,False,False,False,False,True,False,False,False,False,False,False,False,False,False,False,False,False,False,False,False,True,False
2025-11-18,PROD_008,Reebok Floatride Energy 5,Running,Zapatillas Running,65,False,,66.17,,2025,1,11,Noviembre,18,Martes,False,False,False,False,True,322,47,,,,,,,,,-0.018000000000000016,63.946666666666665,1.0347685571309424,False,False,False,False,False,False,False,False,False,False,False,False,False,False,False,False,False,False,True,False,False,False,False,False,False,False,True,False,False,False,False,False,False,False,False,False,False,False,False,False,False,False,True,False
2025-11-18,PROD_009,Bowflex SelectTech 552,Fitness,Mancuernas Ajustables,400,True,,400.0,,2025,1,11,Noviembre,18,Martes,False,False,False,False,True,322,47,,,,,,,,,0.0,366.7633333333333,1.0906215634060112,False,False,False,True,False,False,False,False,False,False,False,False,False,False,False,False,False,False,False,False,False,False,False,False,True,False,False,False,False,False,False,False,False,False,False,True,False,False,False,False,False,False,False,False
2025-11-18,PROD_010,Domyos BM900,Fitness,Banco Gimnasio,175,True,,175.0,,2025,1,11,Noviembre,18,Martes,False,False,False,False,True,322,47,,,,,,,,,0.0,167.56666666666666,1.0443604535508255,False,False,False,False,False,False,True,False,False,False,False,False,False,False,False,False,False,False,False,False,False,False,False,False,True,False,False,False,True,False,False,False,False,False,False,False,False,False,False,False,False,False,False,False
2025-11-18,PROD_011,Reebok Professional Deck,Fitness,Esterilla Fitness,45,False,,45.21,,2025,1,11,Noviembre,18,Martes,False,False,False,False,True,322,47,,,,,,,,,-0.004666666666666597,44.13666666666668,1.0243184049543084,False,False,False,False,False,False,False,False,False,False,False,False,False,False,False,False,False,False,False,True,False,False,False,False,True,False,False,False,False,False,False,False,False,True,False,False,False,False,False,False,False,False,False,False
2025-11-18,PROD_012,Domyos Kit Mancuernas 20kg,Fitness,Pesas Casa,55,False,,55.33,,2025,1,11,Noviembre,18,Martes,False,False,False,False,True,322,47,,,,,,,,,-0.006000000000000005,53.18666666666667,1.0402983203810479,False,False,False,False,False,False,False,True,False,False,False,False,False,False,False,False,False,False,False,False,False,False,False,False,True,False,False,False,False,False,False,False,False,False,False,False,False,False,True,False,False,False,False,False
2025-11-18,PROD_013,Decathlon Bandas Elásticas Set,Fitness,Bandas Elásticas,25,False,,24.59,,2025,1,11,Noviembre,18,Martes,False,False,False,False,True,322,47,,,,,,,,,0.01639999999999997,24.346666666666668,1.0099945235487404,False,False,False,False,False,True,False,False,False,False,False,False,False,False,False,False,False,False,False,False,False,False,False,False,True,False,False,False,False,True,False,False,False,False,False,False,False,False,False,False,False,False,False,False
2025-11-18,PROD_014,Sveltus Kettlebell 12kg,Fitness,Pesa Rusa,40,False,,39.89,,2025,1,11,Noviembre,18,Martes,False,False,False,False,True,322,47,,,,,,,,,0.00275000000000003,39.67666666666667,1.0053767957657733,False,False,False,False,False,False,False,False,False,False,False,False,False,False,False,False,False,False,False,False,False,True,False,False,True,False,False,False,False,False,False,False,False,False,False,False,False,True,False,False,False,False,False,False
2025-11-18,PROD_015,Salomon Speedcross 5 GTX,Outdoor,Zapatillas Trail,150,True,,150.0,,2025,1,11,Noviembre,18,Martes,False,False,False,False,True,322,47,,,,,,,,,0.0,142.48333333333332,1.0527547081530004,False,False,False,False,False,False,False,False,False,False,False,False,False,False,False,False,False,False,False,False,True,False,False,False,False,True,False,False,False,False,False,False,False,False,False,False,False,False,False,False,False,False,False,True
2025-11-18,PROD_016,Trek Marlin 7,Outdoor,Bicicleta Montaña,830,True,,830.0,,2025,1,11,Noviembre,18,Martes,False,False,False,False,True,322,47,,,,,,,,,0.0,776.8666666666667,1.0683944048742813,False,False,False,False,False,False,False,False,False,False,False,False,False,False,False,False,False,False,False,False,False,False,False,True,False,True,False,False,False,False,True,False,False,False,False,False,False,False,False,False,False,False,False,False
2025-11-18,PROD_017,The North Face Borealis,Outdoor,Mochila Trekking,95,False,,93.85,,2025,1,11,Noviembre,18,Martes,False,False,False,False,True,322,47,,,,,,,,,0.012105263157894841,91.39333333333333,1.026880151725144,False,False,False,False,False,False,False,False,False,False,False,False,False,False,False,False,False,False,False,False,False,False,True,False,False,True,False,False,False,False,False,False,False,False,False,False,True,False,False,False,False,False,False,False
2025-11-18,PROD_018,Columbia Silver Ridge,Outdoor,Ropa Montaña,70,False,,71.15,,2025,1,11,Noviembre,18,Martes,False,False,False,False,True,322,47,,,,,,,,,-0.01642857142857146,68.33666666666667,1.0411687234769036,False,False,False,False,True,False,False,False,False,False,False,False,False,False,False,False,False,False,False,False,False,False,False,False,False,True,False,False,False,False,False,False,False,False,False,False,False,False,False,False,True,False,False,False
2025-11-18,PROD_019,Merrell Moab 2 GTX,Outdoor,Zapatillas Trail,110,False,,109.69,,2025,1,11,Noviembre,18,Martes,False,False,False,False,True,322,47,,,,,,,,,0.0028181818181818308,104.12333333333333,1.0534622402919613,False,False,False,False,False,False,False,False,False,False,False,False,True,False,False,False,False,False,False,False,False,False,False,False,False,True,False,False,False,False,False,False,False,False,False,False,False,False,False,False,False,False,False,True
2025-11-18,PROD_020,Quechua MH500,Outdoor,Ropa Montaña,80,False,,81.3,,2025,1,11,Noviembre,18,Martes,False,False,False,False,True,322,47,,,,,,,,,-0.016249999999999876,76.17333333333333,1.0673026430946964,False,False,False,False,False,False,False,False,False,False,False,False,False,False,False,False,False,True,False,False,False,False,False,False,False,True,False,False,False,False,False,False,False,False,False,False,False,False,False,False,True,False,False,False
2025-11-18,PROD_021,Manduka PRO Yoga Mat,Wellness,Esterilla Yoga,130,True,,130.0,,2025,1,11,Noviembre,18,Martes,False,False,False,False,True,322,47,,,,,,,,,0.0,121.97666666666665,1.0657776077391852,False,False,False,False,False,False,False,False,False,False,False,True,False,False,False,False,False,False,False,False,False,False,False,False,False,False,False,True,False,False,False,False,False,False,True,False,False,False,False,False,False,False,False,False
2025-11-18,PROD_022,Gaiam Premium Yoga Block,Wellness,Bloque Yoga,20,False,,20.17,,2025,1,11,Noviembre,18,Martes,False,False,False,False,True,322,47,,,,,,,,,-0.008500000000000174,19.106666666666666,1.055652477320307,False,False,False,False,False,False,False,False,True,False,False,False,False,False,False,False,False,False,False,False,False,False,False,False,False,False,False,True,False,False,False,True,False,False,False,False,False,False,False,False,False,False,False,False
2025-11-18,PROD_023,Liforme Yoga Pad,Wellness,Rodillera Yoga,35,False,,35.27,,2025,1,11,Noviembre,18,Martes,False,False,False,False,True,322,47,,,,,,,,,-0.007714285714285785,34.88,1.0111811926605505,False,False,False,False,False,False,False,False,False,True,False,False,False,False,False,False,False,False,False,False,False,False,False,False,False,False,False,True,False,False,False,False,False,False,False,False,False,False,False,True,False,False,False,False
2025-11-18,PROD_024,Lotuscrafts Yoga Bolster,Wellness,Cojín Yoga,50,False,,50.87,,2025,1,11,Noviembre,18,Martes,False,False,False,False,True,322,47,,,,,,,,,-0.01739999999999986,48.20666666666667,1.0552482367584013,False,False,False,False,False,False,False,False,False,False,True,False,False,False,False,False,False,False,False,False,False,False,False,False,False,False,False,True,False,False,False,False,True,False,False,False,False,False,False,False,False,False,False,False
2025-11-19,PROD_001,Nike Air Zoom Pegasus 40,Running,Zapatillas Running,115,True,,115.0,,2025,2,11,Noviembre,19,Miércoles,False,False,False,False,True,323,47,,,,,,,,,0.0,95.53666666666668,1.2037263179930915,False,False,False,False,False,False,False,False,False,False,False,False,False,False,True,False,False,False,False,False,False,False,False,False,False,False,True,False,False,False,False,False,False,False,False,False,False,False,False,False,False,False,True,False
2025-11-19,PROD_002,Adidas Ultraboost 23,Running,Zapatillas Running,135,True,,135.0,,2025,2,11,Noviembre,19,Miércoles,False,False,False,False,True,323,47,,,,,,,,,0.0,119.51666666666667,1.1295495746757775,False,True,False,False,False,False,False,False,False,False,False,False,False,False,False,False,False,False,False,False,False,False,False,False,False,False,True,False,False,False,False,False,False,False,False,False,False,False,False,False,False,False,True,False
2025-11-19,PROD_003,Asics Gel Nimbus 25,Running,Zapatillas Running,85,False,,84.06,,2025,2,11,Noviembre,19,Miércoles,False,False,False,False,True,323,47,,,,,,,,,0.011058823529411788,80.90999999999998,1.0389321468298112,False,False,True,False,False,False,False,False,False,False,False,False,False,False,False,False,False,False,False,False,False,False,False,False,False,False,True,False,False,False,False,False,False,False,False,False,False,False,False,False,False,False,True,False
2025-11-19,PROD_004,New Balance Fresh Foam X 1080v12,Running,Zapatillas Running,75,False,,73.58,,2025,2,11,Noviembre,19,Miércoles,False,False,False,False,True,323,47,,,,,,,,,0.018933333333333358,73.09000000000002,1.0067040634833764,False,False,False,False,False,False,False,False,False,False,False,False,False,True,False,False,False,False,False,False,False,False,False,False,False,False,True,False,False,False,False,False,False,False,False,False,False,False,False,False,False,False,True,False
2025-11-19,PROD_005,Nike Dri-FIT Miler,Running,Ropa Running,35,False,,35.43,,2025,2,11,Noviembre,19,Miércoles,False,False,False,False,True,323,47,,,,,,,,,-0.012285714285714233,33.27,1.0649233543733092,False,False,False,False,False,False,False,False,False,False,False,False,False,False,False,True,False,False,False,False,False,False,False,False,False,False,True,False,False,False,False,False,False,False,False,False,False,False,False,False,False,True,False,False
2025-11-19,PROD_006,Adidas Own The Run Jacket,Running,Ropa Running,65,False,,65.68,,2025,2,11,Noviembre,19,Miércoles,False,False,False,False,True,323,47,,,,,,,,,-0.010461538461538522,63.05666666666667,1.0416027911402443,True,False,False,False,False,False,False,False,False,False,False,False,False,False,False,False,False,False,False,False,False,False,False,False,False,False,True,False,False,False,False,False,False,False,False,False,False,False,False,False,False,True,False,False
2025-11-19,PROD_007,Puma Velocity Nitro 2,Running,Zapatillas Running,70,False,,71.0,,2025,2,11,Noviembre,19,Miércoles,False,False,False,False,True,323,47,,,,,,,,,-0.014285714285714235,67.30666666666666,1.0548732171156896,False,False,False,False,False,False,False,False,False,False,False,False,False,False,False,False,True,False,False,False,False,False,False,False,False,False,True,False,False,False,False,False,False,False,False,False,False,False,False,False,False,False,True,False
2025-11-19,PROD_008,Reebok Floatride Energy 5,Running,Zapatillas Running,65,False,,65.29,,2025,2,11,Noviembre,19,Miércoles,False,False,False,False,True,323,47,,,,,,,,,-0.004461538461538517,65.87333333333333,0.9911446209897784,False,False,False,False,False,False,False,False,False,False,False,False,False,False,False,False,False,False,True,False,False,False,False,False,False,False,True,False,False,False,False,False,False,False,False,False,False,False,False,False,False,False,True,False
2025-11-19,PROD_009,Bowflex SelectTech 552,Fitness,Mancuernas Ajustables,400,True,,400.0,,2025,2,11,Noviembre,19,Miércoles,False,False,False,False,True,323,47,,,,,,,,,0.0,349.11999999999995,1.1457378551787354,False,False,False,True,False,False,False,False,False,False,False,False,False,False,False,False,False,False,False,False,False,False,False,False,True,False,False,False,False,False,False,False,False,False,False,True,False,False,False,False,False,False,False,False
2025-11-19,PROD_010,Domyos BM900,Fitness,Banco Gimnasio,175,True,,175.0,,2025,2,11,Noviembre,19,Miércoles,False,False,False,False,True,323,47,,,,,,,,,0.0,165.40666666666667,1.0579984684212647,False,False,False,False,False,False,True,False,False,False,False,False,False,False,False,False,False,False,False,False,False,False,False,False,True,False,False,False,True,False,False,False,False,False,False,False,False,False,False,False,False,False,False,False
2025-11-19,PROD_011,Reebok Professional Deck,Fitness,Esterilla Fitness,45,False,,44.12,,2025,2,11,Noviembre,19,Miércoles,False,False,False,False,True,323,47,,,,,,,,,0.01955555555555566,42.72666666666667,1.0326103916367608,False,False,False,False,False,False,False,False,False,False,False,False,False,False,False,False,False,False,False,True,False,False,False,False,True,False,False,False,False,False,False,False,False,True,False,False,False,False,False,False,False,False,False,False
2025-11-19,PROD_012,Domyos Kit Mancuernas 20kg,Fitness,Pesas Casa,55,False,,55.82,,2025,2,11,Noviembre,19,Miércoles,False,False,False,False,True,323,47,,,,,,,,,-0.014909090909090983,54.85999999999999,1.0174990885891362,False,False,False,False,False,False,False,True,False,False,False,False,False,False,False,False,False,False,False,False,False,False,False,False,True,False,False,False,False,False,False,False,False,False,False,False,False,False,True,False,False,False,False,False
2025-11-19,PROD_013,Decathlon Bandas Elásticas Set,Fitness,Bandas Elásticas,25,False,,25.33,,2025,2,11,Noviembre,19,Miércoles,False,False,False,False,True,323,47,,,,,,,,,-0.013199999999999878,24.506666666666664,1.033596300326442,False,False,False,False,False,True,False,False,False,False,False,False,False,False,False,False,False,False,False,False,False,False,False,False,True,False,False,False,False,True,False,False,False,False,False,False,False,False,False,False,False,False,False,False
2025-11-19,PROD_014,Sveltus Kettlebell 12kg,Fitness,Pesa Rusa,40,False,,40.62,,2025,2,11,Noviembre,19,Miércoles,False,False,False,False,True,323,47,,,,,,,,,-0.015499999999999847,38.513333333333335,1.0546996711095724,False,False,False,False,False,False,False,False,False,False,False,False,False,False,False,False,False,False,False,False,False,True,False,False,True,False,False,False,False,False,False,False,False,False,False,False,False,True,False,False,False,False,False,False
2025-11-19,PROD_015,Salomon Speedcross 5 GTX,Outdoor,Zapatillas Trail,150,True,,150.0,,2025,2,11,Noviembre,19,Miércoles,False,False,False,False,True,323,47,,,,,,,,,0.0,143.98666666666668,1.0417631262153901,False,False,False,False,False,False,False,False,False,False,False,False,False,False,False,False,False,False,False,False,True,False,False,False,False,True,False,False,False,False,False,False,False,False,False,False,False,False,False,False,False,False,False,True
2025-11-19,PROD_016,Trek Marlin 7,Outdoor,Bicicleta Montaña,830,True,,830.0,,2025,2,11,Noviembre,19,Miércoles,False,False,False,False,True,323,47,,,,,,,,,0.0,784.1733333333333,1.0584394606634588,False,False,False,False,False,False,False,False,False,False,False,False,False,False,False,False,False,False,False,False,False,False,False,True,False,True,False,False,False,False,True,False,False,False,False,False,False,False,False,False,False,False,False,False
2025-11-19,PROD_017,The North Face Borealis,Outdoor,Mochila Trekking,95,False,,96.79,,2025,2,11,Noviembre,19,Miércoles,False,False,False,False,True,323,47,,,,,,,,,-0.018842105263157993,89.43666666666667,1.082218329544184,False,False,False,False,False,False,False,False,False,False,False,False,False,False,False,False,False,False,False,False,False,False,True,False,False,True,False,False,False,False,False,False,False,False,False,False,True,False,False,False,False,False,False,False
2025-11-19,PROD_018,Columbia Silver Ridge,Outdoor,Ropa Montaña,70,False,,70.92,,2025,2,11,Noviembre,19,Miércoles,False,False,False,False,True,323,47,,,,,,,,,-0.013142857142857123,69.25,1.024115523465704,False,False,False,False,True,False,False,False,False,False,False,False,False,False,False,False,False,False,False,False,False,False,False,False,False,True,False,False,False,False,False,False,False,False,False,False,False,False,False,False,True,False,False,False
2025-11-19,PROD_019,Merrell Moab 2 GTX,Outdoor,Zapatillas Trail,110,False,,107.91,,2025,2,11,Noviembre,19,Miércoles,False,False,False,False,True,323,47,,,,,,,,,0.019000000000000017,109.80666666666667,0.9827272175338473,False,False,False,False,False,False,False,False,False,False,False,False,True,False,False,False,False,False,False,False,False,False,False,False,False,True,False,False,False,False,False,False,False,False,False,False,False,False,False,False,False,False,False,True
2025-11-19,PROD_020,Quechua MH500,Outdoor,Ropa Montaña,80,False,,81.53,,2025,2,11,Noviembre,19,Miércoles,False,False,False,False,True,323,47,,,,,,,,,-0.01912500000000006,75.57666666666665,1.078772107793411,False,False,False,False,False,False,False,False,False,False,False,False,False,False,False,False,False,True,False,False,False,False,False,False,False,True,False,False,False,False,False,False,False,False,False,False,False,False,False,False,True,False,False,False
2025-11-19,PROD_021,Manduka PRO Yoga Mat,Wellness,Esterilla Yoga,130,True,,130.0,,2025,2,11,Noviembre,19,Miércoles,False,False,False,False,True,323,47,,,,,,,,,0.0,121.43333333333334,1.0705462530881142,False,False,False,False,False,False,False,False,False,False,False,True,False,False,False,False,False,False,False,False,False,False,False,False,False,False,False,True,False,False,False,False,False,False,True,False,False,False,False,False,False,False,False,False
2025-11-19,PROD_022,Gaiam Premium Yoga Block,Wellness,Bloque Yoga,20,False,,20.37,,2025,2,11,Noviembre,19,Miércoles,False,False,False,False,True,323,47,,,,,,,,,-0.01849999999999996,19.423333333333336,1.0487386305131285,False,False,False,False,False,False,False,False,True,False,False,False,False,False,False,False,False,False,False,False,False,False,False,False,False,False,False,True,False,False,False,True,False,False,False,False,False,False,False,False,False,False,False,False
2025-11-19,PROD_023,Liforme Yoga Pad,Wellness,Rodillera Yoga,35,False,,34.57,,2025,2,11,Noviembre,19,Miércoles,False,False,False,False,True,323,47,,,,,,,,,0.012285714285714233,32.623333333333335,1.0596709921324206,False,False,False,False,False,False,False,False,False,True,False,False,False,False,False,False,False,False,False,False,False,False,False,False,False,False,False,True,False,False,False,False,False,False,False,False,False,False,False,True,False,False,False,False
2025-11-19,PROD_024,Lotuscrafts Yoga Bolster,Wellness,Cojín Yoga,50,False,,50.23,,2025,2,11,Noviembre,19,Miércoles,False,False,False,False,True,323,47,,,,,,,,,-0.0045999999999999375,49.13666666666666,1.0222508649345363,False,False,False,False,False,False,False,False,False,False,True,False,False,False,False,False,False,False,False,False,False,False,False,False,False,False,False,True,False,False,False,False,True,False,False,False,False,False,False,False,False,False,False,False
2025-11-20,PROD_001,Nike Air Zoom Pegasus 40,Running,Zapatillas Running,115,True,,115.0,,2025,3,11,Noviembre,20,Jueves,False,False,False,False,True,324,47,,,,,,,,,0.0,102.09333333333332,1.1264202690348701,False,False,False,False,False,False,False,False,False,False,False,False,False,False,True,False,False,False,False,False,False,False,False,False,False,False,True,False,False,False,False,False,False,False,False,False,False,False,False,False,False,False,True,False
2025-11-20,PROD_002,Adidas Ultraboost 23,Running,Zapatillas Running,135,True,,135.0,,2025,3,11,Noviembre,20,Jueves,False,False,False,False,True,324,47,,,,,,,,,0.0,117.95666666666666,1.1444880888461866,False,True,False,False,False,False,False,False,False,False,False,False,False,False,False,False,False,False,False,False,False,False,False,False,False,False,True,False,False,False,False,False,False,False,False,False,False,False,False,False,False,False,True,False
2025-11-20,PROD_003,Asics Gel Nimbus 25,Running,Zapatillas Running,85,False,,85.06,,2025,3,11,Noviembre,20,Jueves,False,False,False,False,True,324,47,,,,,,,,,-0.0007058823529411118,83.59333333333332,1.0175452587925673,False,False,True,False,False,False,False,False,False,False,False,False,False,False,False,False,False,False,False,False,False,False,False,False,False,False,True,False,False,False,False,False,False,False,False,False,False,False,False,False,False,False,True,False
2025-11-20,PROD_004,New Balance Fresh Foam X 1080v12,Running,Zapatillas Running,75,False,,74.02,,2025,3,11,Noviembre,20,Jueves,False,False,False,False,True,324,47,,,,,,,,,0.013066666666666671,72.8,1.0167582417582417,False,False,False,False,False,False,False,False,False,False,False,False,False,True,False,False,False,False,False,False,False,False,False,False,False,False,True,False,False,False,False,False,False,False,False,False,False,False,False,False,False,False,True,False
2025-11-20,PROD_005,Nike Dri-FIT Miler,Running,Ropa Running,35,False,,34.88,,2025,3,11,Noviembre,20,Jueves,False,False,False,False,True,324,47,,,,,,,,,0.0034285714285713365,34.6,1.0080924855491329,False,False,False,False,False,False,False,False,False,False,False,False,False,False,False,True,False,False,False,False,False,False,False,False,False,False,True,False,False,False,False,False,False,False,False,False,False,False,False,False,False,True,False,False
2025-11-20,PROD_006,Adidas Own The Run Jacket,Running,Ropa Running,65,False,,64.77,,2025,3,11,Noviembre,20,Jueves,False,False,False,False,True,324,47,,,,,,,,,0.0035384615384616014,63.583333333333336,1.0186631716906944,True,False,False,False,False,False,False,False,False,False,False,False,False,False,False,False,False,False,False,False,False,False,False,False,False,False,True,False,False,False,False,False,False,False,False,False,False,False,False,False,False,True,False,False
2025-11-20,PROD_007,Puma Velocity Nitro 2,Running,Zapatillas Running,70,False,,69.42,,2025,3,11,Noviembre,20,Jueves,False,False,False,False,True,324,47,,,,,,,,,0.00828571428571423,68.82333333333334,1.0086695403690609,False,False,False,False,False,False,False,False,False,False,False,False,False,False,False,False,True,False,False,False,False,False,False,False,False,False,True,False,False,False,False,False,False,False,False,False,False,False,False,False,False,False,True,False
2025-11-20,PROD_008,Reebok Floatride Energy 5,Running,Zapatillas Running,65,False,,65.03,,2025,3,11,Noviembre,20,Jueves,False,False,False,False,True,324,47,,,,,,,,,-0.0004615384615385132,61.339999999999996,1.060156504727747,False,False,False,False,False,False,False,False,False,False,False,False,False,False,False,False,False,False,True,False,False,False,False,False,False,False,True,False,False,False,False,False,False,False,False,False,False,False,False,False,False,False,True,False
2025-11-20,PROD_009,Bowflex SelectTech 552,Fitness,Mancuernas Ajustables,400,True,,400.0,,2025,3,11,Noviembre,20,Jueves,False,False,False,False,True,324,47,,,,,,,,,0.0,377.43666666666667,1.0597804488170202,False,False,False,True,False,False,False,False,False,False,False,False,False,False,False,False,False,False,False,False,False,False,False,False,True,False,False,False,False,False,False,False,False,False,False,True,False,False,False,False,False,False,False,False
2025-11-20,PROD_010,Domyos BM900,Fitness,Banco Gimnasio,175,True,,175.0,,2025,3,11,Noviembre,20,Jueves,False,False,False,False,True,324,47,,,,,,,,,0.0,165.94666666666666,1.0545556805399325,False,False,False,False,False,False,True,False,False,False,False,False,False,False,False,False,False,False,False,False,False,False,False,False,True,False,False,False,True,False,False,False,False,False,False,False,False,False,False,False,False,False,False,False
2025-11-20,PROD_011,Reebok Professional Deck,Fitness,Esterilla Fitness,45,False,,44.16,,2025,3,11,Noviembre,20,Jueves,False,False,False,False,True,324,47,,,,,,,,,0.01866666666666672,42.71666666666666,1.033788529067499,False,False,False,False,False,False,False,False,False,False,False,False,False,False,False,False,False,False,False,True,False,False,False,False,True,False,False,False,False,False,False,False,False,True,False,False,False,False,False,False,False,False,False,False
2025-11-20,PROD_012,Domyos Kit Mancuernas 20kg,Fitness,Pesas Casa,55,False,,55.52,,2025,3,11,Noviembre,20,Jueves,False,False,False,False,True,324,47,,,,,,,,,-0.009454545454545604,54.49666666666667,1.018777906905621,False,False,False,False,False,False,False,True,False,False,False,False,False,False,False,False,False,False,False,False,False,False,False,False,True,False,False,False,False,False,False,False,False,False,False,False,False,False,True,False,False,False,False,False
2025-11-20,PROD_013,Decathlon Bandas Elásticas Set,Fitness,Bandas Elásticas,25,False,,24.59,,2025,3,11,Noviembre,20,Jueves,False,False,False,False,True,324,47,,,,,,,,,0.01639999999999997,23.823333333333334,1.032181334825801,False,False,False,False,False,True,False,False,False,False,False,False,False,False,False,False,False,False,False,False,False,False,False,False,True,False,False,False,False,True,False,False,False,False,False,False,False,False,False,False,False,False,False,False
2025-11-20,PROD_014,Sveltus Kettlebell 12kg,Fitness,Pesa Rusa,40,False,,40.51,,2025,3,11,Noviembre,20,Jueves,False,False,False,False,True,324,47,,,,,,,,,-0.012750000000000039,38.696666666666665,1.0468601946765441,False,False,False,False,False,False,False,False,False,False,False,False,False,False,False,False,False,False,False,False,False,True,False,False,True,False,False,False,False,False,False,False,False,False,False,False,False,True,False,False,False,False,False,False
2025-11-20,PROD_015,Salomon Speedcross 5 GTX,Outdoor,Zapatillas Trail,150,True,,150.0,,2025,3,11,Noviembre,20,Jueves,False,False,False,False,True,324,47,,,,,,,,,0.0,144.08666666666667,1.0410401147457549,False,False,False,False,False,False,False,False,False,False,False,False,False,False,False,False,False,False,False,False,True,False,False,False,False,True,False,False,False,False,False,False,False,False,False,False,False,False,False,False,False,False,False,True
2025-11-20,PROD_016,Trek Marlin 7,Outdoor,Bicicleta Montaña,830,True,,830.0,,2025,3,11,Noviembre,20,Jueves,False,False,False,False,True,324,47,,,,,,,,,0.0,810.9533333333334,1.0234867604383318,False,False,False,False,False,False,False,False,False,False,False,False,False,False,False,False,False,False,False,False,False,False,False,True,False,True,False,False,False,False,True,False,False,False,False,False,False,False,False,False,False,False,False,False
2025-11-20,PROD_017,The North Face Borealis,Outdoor,Mochila Trekking,95,False,,96.33,,2025,3,11,Noviembre,20,Jueves,False,False,False,False,True,324,47,,,,,,,,,-0.014000000000000012,94.68,1.0174271229404308,False,False,False,False,False,False,False,False,False,False,False,False,False,False,False,False,False,False,False,False,False,False,True,False,False,True,False,False,False,False,False,False,False,False,False,False,True,False,False,False,False,False,False,False
2025-11-20,PROD_018,Columbia Silver Ridge,Outdoor,Ropa Montaña,70,False,,68.92,,2025,3,11,Noviembre,20,Jueves,False,False,False,False,True,324,47,,,,,,,,,0.015428571428571458,69.35333333333334,0.9937518023647024,False,False,False,False,True,False,False,False,False,False,False,False,False,False,False,False,False,False,False,False,False,False,False,False,False,True,False,False,False,False,False,False,False,False,False,False,False,False,False,False,True,False,False,False
2025-11-20,PROD_019,Merrell Moab 2 GTX,Outdoor,Zapatillas Trail,110,False,,109.6,,2025,3,11,Noviembre,20,Jueves,False,False,False,False,True,324,47,,,,,,,,,0.0036363636363636598,105.73666666666666,1.0365373096686736,False,False,False,False,False,False,False,False,False,False,False,False,True,False,False,False,False,False,False,False,False,False,False,False,False,True,False,False,False,False,False,False,False,False,False,False,False,False,False,False,False,False,False,True
2025-11-20,PROD_020,Quechua MH500,Outdoor,Ropa Montaña,80,False,,80.47,,2025,3,11,Noviembre,20,Jueves,False,False,False,False,True,324,47,,,,,,,,,-0.005875000000000075,74.97333333333334,1.0733149564289524,False,False,False,False,False,False,False,False,False,False,False,False,False,False,False,False,False,True,False,False,False,False,False,False,False,True,False,False,False,False,False,False,False,False,False,False,False,False,False,False,True,False,False,False
2025-11-20,PROD_021,Manduka PRO Yoga Mat,Wellness,Esterilla Yoga,130,True,,130.0,,2025,3,11,Noviembre,20,Jueves,False,False,False,False,True,324,47,,,,,,,,,0.0,121.57000000000001,1.0693427654849057,False,False,False,False,False,False,False,False,False,False,False,True,False,False,False,False,False,False,False,False,False,False,False,False,False,False,False,True,False,False,False,False,False,False,True,False,False,False,False,False,False,False,False,False
2025-11-20,PROD_022,Gaiam Premium Yoga Block,Wellness,Bloque Yoga,20,False,,19.66,,2025,3,11,Noviembre,20,Jueves,False,False,False,False,True,324,47,,,,,,,,,0.017000000000000015,19.413333333333338,1.0127060439560438,False,False,False,False,False,False,False,False,True,False,False,False,False,False,False,False,False,False,False,False,False,False,False,False,False,False,False,True,False,False,False,True,False,False,False,False,False,False,False,False,False,False,False,False
2025-11-20,PROD_023,Liforme Yoga Pad,Wellness,Rodillera Yoga,35,False,,35.67,,2025,3,11,Noviembre,20,Jueves,False,False,False,False,True,324,47,,,,,,,,,-0.019142857142857128,34.71,1.0276577355229042,False,False,False,False,False,False,False,False,False,True,False,False,False,False,False,False,False,False,False,False,False,False,False,False,False,False,False,True,False,False,False,False,False,False,False,False,False,False,False,True,False,False,False,False
2025-11-20,PROD_024,Lotuscrafts Yoga Bolster,Wellness,Cojín Yoga,50,False,,49.74,,2025,3,11,Noviembre,20,Jueves,False,False,False,False,True,324,47,,,,,,,,,0.005199999999999982,49.00333333333333,1.0150329909529965,False,False,False,False,False,False,False,False,False,False,True,False,False,False,False,False,False,False,False,False,False,False,False,False,False,False,False,True,False,False,False,False,True,False,False,False,False,False,False,False,False,False,False,False
2025-11-21,PROD_001,Nike Air Zoom Pegasus 40,Running,Zapatillas Running,115,True,,115.0,,2025,4,11,Noviembre,21,Viernes,False,False,False,False,True,325,47,,,,,,,,,0.0,95.53000000000002,1.203810321365016,False,False,False,False,False,False,False,False,False,False,False,False,False,False,True,False,False,False,False,False,False,False,False,False,False,False,True,False,False,False,False,False,False,False,False,False,False,False,False,False,False,False,True,False
2025-11-21,PROD_002,Adidas Ultraboost 23,Running,Zapatillas Running,135,True,,135.0,,2025,4,11,Noviembre,21,Viernes,False,False,False,False,True,325,47,,,,,,,,,0.0,123.14999999999999,1.0962241169305726,False,True,False,False,False,False,False,False,False,False,False,False,False,False,False,False,False,False,False,False,False,False,False,False,False,False,True,False,False,False,False,False,False,False,False,False,False,False,False,False,False,False,True,False
2025-11-21,PROD_003,Asics Gel Nimbus 25,Running,Zapatillas Running,85,False,,86.6,,2025,4,11,Noviembre,21,Viernes,False,False,False,False,True,325,47,,,,,,,,,-0.018823529411764683,79.48333333333333,1.0895365904801844,False,False,True,False,False,False,False,False,False,False,False,False,False,False,False,False,False,False,False,False,False,False,False,False,False,False,True,False,False,False,False,False,False,False,False,False,False,False,False,False,False,False,True,False
2025-11-21,PROD_004,New Balance Fresh Foam X 1080v12,Running,Zapatillas Running,75,False,,75.48,,2025,4,11,Noviembre,21,Viernes,False,False,False,False,True,325,47,,,,,,,,,-0.006399999999999961,74.73,1.0100361300682457,False,False,False,False,False,False,False,False,False,False,False,False,False,True,False,False,False,False,False,False,False,False,False,False,False,False,True,False,False,False,False,False,False,False,False,False,False,False,False,False,False,False,True,False
2025-11-21,PROD_005,Nike Dri-FIT Miler,Running,Ropa Running,35,False,,35.51,,2025,4,11,Noviembre,21,Viernes,False,False,False,False,True,325,47,,,,,,,,,-0.014571428571428457,33.71333333333333,1.053292465888867,False,False,False,False,False,False,False,False,False,False,False,False,False,False,False,True,False,False,False,False,False,False,False,False,False,False,True,False,False,False,False,False,False,False,False,False,False,False,False,False,False,True,False,False
2025-11-21,PROD_006,Adidas Own The Run Jacket,Running,Ropa Running,65,False,,66.14,,2025,4,11,Noviembre,21,Viernes,False,False,False,False,True,325,47,,,,,,,,,-0.017538461538461503,63.72666666666667,1.0378700700910137,True,False,False,False,False,False,False,False,False,False,False,False,False,False,False,False,False,False,False,False,False,False,False,False,False,False,True,False,False,False,False,False,False,False,False,False,False,False,False,False,False,True,False,False
2025-11-21,PROD_007,Puma Velocity Nitro 2,Running,Zapatillas Running,70,False,,71.1,,2025,4,11,Noviembre,21,Viernes,False,False,False,False,True,325,47,,,,,,,,,-0.01571428571428557,67.35000000000001,1.0556792873051222,False,False,False,False,False,False,False,False,False,False,False,False,False,False,False,False,True,False,False,False,False,False,False,False,False,False,True,False,False,False,False,False,False,False,False,False,False,False,False,False,False,False,True,False
2025-11-21,PROD_008,Reebok Floatride Energy 5,Running,Zapatillas Running,65,False,,65.73,,2025,4,11,Noviembre,21,Viernes,False,False,False,False,True,325,47,,,,,,,,,-0.011230769230769377,61.826666666666675,1.0631334914815613,False,False,False,False,False,False,False,False,False,False,False,False,False,False,False,False,False,False,True,False,False,False,False,False,False,False,True,False,False,False,False,False,False,False,False,False,False,False,False,False,False,False,True,False
2025-11-21,PROD_009,Bowflex SelectTech 552,Fitness,Mancuernas Ajustables,400,True,,400.0,,2025,4,11,Noviembre,21,Viernes,False,False,False,False,True,325,47,,,,,,,,,0.0,358.59,1.1154800747371652,False,False,False,True,False,False,False,False,False,False,False,False,False,False,False,False,False,False,False,False,False,False,False,False,True,False,False,False,False,False,False,False,False,False,False,True,False,False,False,False,False,False,False,False
2025-11-21,PROD_010,Domyos BM900,Fitness,Banco Gimnasio,175,True,,175.0,,2025,4,11,Noviembre,21,Viernes,False,False,False,False,True,325,47,,,,,,,,,0.0,168.17333333333332,1.0405930389280902,False,False,False,False,False,False,True,False,False,False,False,False,False,False,False,False,False,False,False,False,False,False,False,False,True,False,False,False,True,False,False,False,False,False,False,False,False,False,False,False,False,False,False,False
2025-11-21,PROD_011,Reebok Professional Deck,Fitness,Esterilla Fitness,45,False,,44.34,,2025,4,11,Noviembre,21,Viernes,False,False,False,False,True,325,47,,,,,,,,,0.014666666666666606,44.98333333333333,0.98569840681734,False,False,False,False,False,False,False,False,False,False,False,False,False,False,False,False,False,False,False,True,False,False,False,False,True,False,False,False,False,False,False,False,False,True,False,False,False,False,False,False,False,False,False,False
2025-11-21,PROD_012,Domyos Kit Mancuernas 20kg,Fitness,Pesas Casa,55,False,,55.68,,2025,4,11,Noviembre,21,Viernes,False,False,False,False,True,325,47,,,,,,,,,-0.012363636363636354,53.04333333333333,1.0497077860868473,False,False,False,False,False,False,False,True,False,False,False,False,False,False,False,False,False,False,False,False,False,False,False,False,True,False,False,False,False,False,False,False,False,False,False,False,False,False,True,False,False,False,False,False
2025-11-21,PROD_013,Decathlon Bandas Elásticas Set,Fitness,Bandas Elásticas,25,False,,24.81,,2025,4,11,Noviembre,21,Viernes,False,False,False,False,True,325,47,,,,,,,,,0.007600000000000051,23.24333333333333,1.067402839523878,False,False,False,False,False,True,False,False,False,False,False,False,False,False,False,False,False,False,False,False,False,False,False,False,True,False,False,False,False,True,False,False,False,False,False,False,False,False,False,False,False,False,False,False
2025-11-21,PROD_014,Sveltus Kettlebell 12kg,Fitness,Pesa Rusa,40,False,,40.55,,2025,4,11,Noviembre,21,Viernes,False,False,False,False,True,325,47,,,,,,,,,-0.013749999999999929,40.63999999999999,0.9977854330708662,False,False,False,False,False,False,False,False,False,False,False,False,False,False,False,False,False,False,False,False,False,True,False,False,True,False,False,False,False,False,False,False,False,False,False,False,False,True,False,False,False,False,False,False
2025-11-21,PROD_015,Salomon Speedcross 5 GTX,Outdoor,Zapatillas Trail,150,True,,150.0,,2025,4,11,Noviembre,21,Viernes,False,False,False,False,True,325,47,,,,,,,,,0.0,146.16,1.026272577996716,False,False,False,False,False,False,False,False,False,False,False,False,False,False,False,False,False,False,False,False,True,False,False,False,False,True,False,False,False,False,False,False,False,False,False,False,False,False,False,False,False,False,False,True
2025-11-21,PROD_016,Trek Marlin 7,Outdoor,Bicicleta Montaña,830,True,,830.0,,2025,4,11,Noviembre,21,Viernes,False,False,False,False,True,325,47,,,,,,,,,0.0,814.0099999999999,1.019643493323178,False,False,False,False,False,False,False,False,False,False,False,False,False,False,False,False,False,False,False,False,False,False,False,True,False,True,False,False,False,False,True,False,False,False,False,False,False,False,False,False,False,False,False,False
2025-11-21,PROD_017,The North Face Borealis,Outdoor,Mochila Trekking,95,False,,93.54,,2025,4,11,Noviembre,21,Viernes,False,False,False,False,True,325,47,,,,,,,,,0.015368421052631476,93.45,1.0009630818619584,False,False,False,False,False,False,False,False,False,False,False,False,False,False,False,False,False,False,False,False,False,False,True,False,False,True,False,False,False,False,False,False,False,False,False,False,True,False,False,False,False,False,False,False
2025-11-21,PROD_018,Columbia Silver Ridge,Outdoor,Ropa Montaña,70,False,,68.63,,2025,4,11,Noviembre,21,Viernes,False,False,False,False,True,325,47,,,,,,,,,0.019571428571428684,65.86333333333333,1.0420061744015385,False,False,False,False,True,False,False,False,False,False,False,False,False,False,False,False,False,False,False,False,False,False,False,False,False,True,False,False,False,False,False,False,False,False,False,False,False,False,False,False,True,False,False,False
2025-11-21,PROD_019,Merrell Moab 2 GTX,Outdoor,Zapatillas Trail,110,False,,110.47,,2025,4,11,Noviembre,21,Viernes,False,False,False,False,True,325,47,,,,,,,,,-0.004272727272727206,103.57666666666667,1.066552955942458,False,False,False,False,False,False,False,False,False,False,False,False,True,False,False,False,False,False,False,False,False,False,False,False,False,True,False,False,False,False,False,False,False,False,False,False,False,False,False,False,False,False,False,True
2025-11-21,PROD_020,Quechua MH500,Outdoor,Ropa Montaña,80,False,,78.63,,2025,4,11,Noviembre,21,Viernes,False,False,False,False,True,325,47,,,,,,,,,0.017125000000000057,79.11666666666666,0.9938487465767853,False,False,False,False,False,False,False,False,False,False,False,False,False,False,False,False,False,True,False,False,False,False,False,False,False,True,False,False,False,False,False,False,False,False,False,False,False,False,False,False,True,False,False,False
2025-11-21,PROD_021,Manduka PRO Yoga Mat,Wellness,Esterilla Yoga,130,True,,130.0,,2025,4,11,Noviembre,21,Viernes,False,False,False,False,True,325,47,,,,,,,,,0.0,121.75666666666667,1.067703342732773,False,False,False,False,False,False,False,False,False,False,False,True,False,False,False,False,False,False,False,False,False,False,False,False,False,False,False,True,False,False,False,False,False,False,True,False,False,False,False,False,False,False,False,False
2025-11-21,PROD_022,Gaiam Premium Yoga Block,Wellness,Bloque Yoga,20,False,,19.97,,2025,4,11,Noviembre,21,Viernes,False,False,False,False,True,325,47,,,,,,,,,0.0015000000000000568,18.633333333333333,1.0717352415026833,False,False,False,False,False,False,False,False,True,False,False,False,False,False,False,False,False,False,False,False,False,False,False,False,False,False,False,True,False,False,False,True,False,False,False,False,False,False,False,False,False,False,False,False
2025-11-21,PROD_023,Liforme Yoga Pad,Wellness,Rodillera Yoga,35,False,,35.63,,2025,4,11,Noviembre,21,Viernes,False,False,False,False,True,325,47,,,,,,,,,-0.018000000000000016,34.083333333333336,1.0453789731051344,False,False,False,False,False,False,False,False,False,True,False,False,False,False,False,False,False,False,False,False,False,False,False,False,False,False,False,True,False,False,False,False,False,False,False,False,False,False,False,True,False,False,False,False
2025-11-21,PROD_024,Lotuscrafts Yoga Bolster,Wellness,Cojín Yoga,50,False,,50.08,,2025,4,11,Noviembre,21,Viernes,False,False,False,False,True,325,47,,,,,,,,,-0.0016000000000000458,47.153333333333336,1.0620670154107168,False,False,False,False,False,False,False,False,False,False,True,False,False,False,False,False,False,False,False,False,False,False,False,False,False,False,False,True,False,False,False,False,True,False,False,False,False,False,False,False,False,False,False,False
2025-11-22,PROD_001,Nike Air Zoom Pegasus 40,Running,Zapatillas Running,115,True,,115.0,,2025,5,11,Noviembre,22,Sábado,True,False,False,False,False,326,47,,,,,,,,,0.0,100.73333333333333,1.1416280608868299,False,False,False,False,False,False,False,False,False,False,False,False,False,False,True,False,False,False,False,False,False,False,False,False,False,False,True,False,False,False,False,False,False,False,False,False,False,False,False,False,False,False,True,False
2025-11-22,PROD_002,Adidas Ultraboost 23,Running,Zapatillas Running,135,True,,135.0,,2025,5,11,Noviembre,22,Sábado,True,False,False,False,False,326,47,,,,,,,,,0.0,119.94666666666667,1.1255002223210315,False,True,False,False,False,False,False,False,False,False,False,False,False,False,False,False,False,False,False,False,False,False,False,False,False,False,True,False,False,False,False,False,False,False,False,False,False,False,False,False,False,False,True,False
2025-11-22,PROD_003,Asics Gel Nimbus 25,Running,Zapatillas Running,85,False,,83.48,,2025,5,11,Noviembre,22,Sábado,True,False,False,False,False,326,47,,,,,,,,,0.01788235294117646,86.22333333333331,0.9681833996984578,False,False,True,False,False,False,False,False,False,False,False,False,False,False,False,False,False,False,False,False,False,False,False,False,False,False,True,False,False,False,False,False,False,False,False,False,False,False,False,False,False,False,True,False
2025-11-22,PROD_004,New Balance Fresh Foam X 1080v12,Running,Zapatillas Running,75,False,,75.34,,2025,5,11,Noviembre,22,Sábado,True,False,False,False,False,326,47,,,,,,,,,-0.004533333333333278,71.10333333333334,1.0595846420702264,False,False,False,False,False,False,False,False,False,False,False,False,False,True,False,False,False,False,False,False,False,False,False,False,False,False,True,False,False,False,False,False,False,False,False,False,False,False,False,False,False,False,True,False
2025-11-22,PROD_005,Nike Dri-FIT Miler,Running,Ropa Running,35,False,,34.93,,2025,5,11,Noviembre,22,Sábado,True,False,False,False,False,326,47,,,,,,,,,0.0020000000000000018,34.0,1.0273529411764706,False,False,False,False,False,False,False,False,False,False,False,False,False,False,False,True,False,False,False,False,False,False,False,False,False,False,True,False,False,False,False,False,False,False,False,False,False,False,False,False,False,True,False,False
2025-11-22,PROD_006,Adidas Own The Run Jacket,Running,Ropa Running,65,False,,65.89,,2025,5,11,Noviembre,22,Sábado,True,False,False,False,False,326,47,,,,,,,,,-0.01369230769230767,62.48666666666667,1.0544649525232048,True,False,False,False,False,False,False,False,False,False,False,False,False,False,False,False,False,False,False,False,False,False,False,False,False,False,True,False,False,False,False,False,False,False,False,False,False,False,False,False,False,True,False,False
2025-11-22,PROD_007,Puma Velocity Nitro 2,Running,Zapatillas Running,70,False,,70.25,,2025,5,11,Noviembre,22,Sábado,True,False,False,False,False,326,47,,,,,,,,,-0.0035714285714285587,65.47666666666667,1.0729012879906328,False,False,False,False,False,False,False,False,False,False,False,False,False,False,False,False,True,False,False,False,False,False,False,False,False,False,True,False,False,False,False,False,False,False,False,False,False,False,False,False,False,False,True,False
2025-11-22,PROD_008,Reebok Floatride Energy 5,Running,Zapatillas Running,65,False,,66.22,,2025,5,11,Noviembre,22,Sábado,True,False,False,False,False,326,47,,,,,,,,,-0.01876923076923065,63.586666666666666,1.0414132941916545,False,False,False,False,False,False,False,False,False,False,False,False,False,False,False,False,False,False,True,False,False,False,False,False,False,False,True,False,False,False,False,False,False,False,False,False,False,False,False,False,False,False,True,False
2025-11-22,PROD_009,Bowflex SelectTech 552,Fitness,Mancuernas Ajustables,400,True,,400.0,,2025,5,11,Noviembre,22,Sábado,True,False,False,False,False,326,47,,,,,,,,,0.0,368.58666666666664,1.0852264505860223,False,False,False,True,False,False,False,False,False,False,False,False,False,False,False,False,False,False,False,False,False,False,False,False,True,False,False,False,False,False,False,False,False,False,False,True,False,False,False,False,False,False,False,False
2025-11-22,PROD_010,Domyos BM900,Fitness,Banco Gimnasio,175,True,,175.0,,2025,5,11,Noviembre,22,Sábado,True,False,False,False,False,326,47,,,,,,,,,0.0,166.63666666666668,1.0501890340261246,False,False,False,False,False,False,True,False,False,False,False,False,False,False,False,False,False,False,False,False,False,False,False,False,True,False,False,False,True,False,False,False,False,False,False,False,False,False,False,False,False,False,False,False
2025-11-22,PROD_011,Reebok Professional Deck,Fitness,Esterilla Fitness,45,False,,44.4,,2025,5,11,Noviembre,22,Sábado,True,False,False,False,False,326,47,,,,,,,,,0.01333333333333342,43.803333333333335,1.013621489993151,False,False,False,False,False,False,False,False,False,False,False,False,False,False,False,False,False,False,False,True,False,False,False,False,True,False,False,False,False,False,False,False,False,True,False,False,False,False,False,False,False,False,False,False
2025-11-22,PROD_012,Domyos Kit Mancuernas 20kg,Fitness,Pesas Casa,55,False,,54.86,,2025,5,11,Noviembre,22,Sábado,True,False,False,False,False,326,47,,,,,,,,,0.0025454545454545174,53.173333333333325,1.0317201604814445,False,False,False,False,False,False,False,True,False,False,False,False,False,False,False,False,False,False,False,False,False,False,False,False,True,False,False,False,False,False,False,False,False,False,False,False,False,False,True,False,False,False,False,False
2025-11-22,PROD_013,Decathlon Bandas Elásticas Set,Fitness,Bandas Elásticas,25,False,,25.42,,2025,5,11,Noviembre,22,Sábado,True,False,False,False,False,326,47,,,,,,,,,-0.016800000000000148,25.396666666666665,1.0009187557422234,False,False,False,False,False,True,False,False,False,False,False,False,False,False,False,False,False,False,False,False,False,False,False,False,True,False,False,False,False,True,False,False,False,False,False,False,False,False,False,False,False,False,False,False
2025-11-22,PROD_014,Sveltus Kettlebell 12kg,Fitness,Pesa Rusa,40,False,,40.25,,2025,5,11,Noviembre,22,Sábado,True,False,False,False,False,326,47,,,,,,,,,-0.006250000000000089,38.60333333333333,1.0426560746049565,False,False,False,False,False,False,False,False,False,False,False,False,False,False,False,False,False,False,False,False,False,True,False,False,True,False,False,False,False,False,False,False,False,False,False,False,False,True,False,False,False,False,False,False
2025-11-22,PROD_015,Salomon Speedcross 5 GTX,Outdoor,Zapatillas Trail,150,True,,150.0,,2025,5,11,Noviembre,22,Sábado,True,False,False,False,False,326,47,,,,,,,,,0.0,144.9466666666667,1.0348633980314597,False,False,False,False,False,False,False,False,False,False,False,False,False,False,False,False,False,False,False,False,True,False,False,False,False,True,False,False,False,False,False,False,False,False,False,False,False,False,False,False,False,False,False,True
2025-11-22,PROD_016,Trek Marlin 7,Outdoor,Bicicleta Montaña,830,True,,830.0,,2025,5,11,Noviembre,22,Sábado,True,False,False,False,False,326,47,,,,,,,,,0.0,827.7833333333333,1.0026778343769505,False,False,False,False,False,False,False,False,False,False,False,False,False,False,False,False,False,False,False,False,False,False,False,True,False,True,False,False,False,False,True,False,False,False,False,False,False,False,False,False,False,False,False,False
2025-11-22,PROD_017,The North Face Borealis,Outdoor,Mochila Trekking,95,False,,95.17,,2025,5,11,Noviembre,22,Sábado,True,False,False,False,False,326,47,,,,,,,,,-0.001789473684210563,90.19,1.0552167646080497,False,False,False,False,False,False,False,False,False,False,False,False,False,False,False,False,False,False,False,False,False,False,True,False,False,True,False,False,False,False,False,False,False,False,False,False,True,False,False,False,False,False,False,False
2025-11-22,PROD_018,Columbia Silver Ridge,Outdoor,Ropa Montaña,70,False,,70.28,,2025,5,11,Noviembre,22,Sábado,True,False,False,False,False,326,47,,,,,,,,,-0.0040000000000000036,66.66000000000001,1.0543054305430541,False,False,False,False,True,False,False,False,False,False,False,False,False,False,False,False,False,False,False,False,False,False,False,False,False,True,False,False,False,False,False,False,False,False,False,False,False,False,False,False,True,False,False,False
2025-11-22,PROD_019,Merrell Moab 2 GTX,Outdoor,Zapatillas Trail,110,False,,110.83,,2025,5,11,Noviembre,22,Sábado,True,False,False,False,False,326,47,,,,,,,,,-0.007545454545454522,105.41000000000001,1.0514182715112417,False,False,False,False,False,False,False,False,False,False,False,False,True,False,False,False,False,False,False,False,False,False,False,False,False,True,False,False,False,False,False,False,False,False,False,False,False,False,False,False,False,False,False,True
2025-11-22,PROD_020,Quechua MH500,Outdoor,Ropa Montaña,80,False,,80.68,,2025,5,11,Noviembre,22,Sábado,True,False,False,False,False,326,47,,,,,,,,,-0.008500000000000174,79.49333333333334,1.0149278765514929,False,False,False,False,False,False,False,False,False,False,False,False,False,False,False,False,False,True,False,False,False,False,False,False,False,True,False,False,False,False,False,False,False,False,False,False,False,False,False,False,True,False,False,False
2025-11-22,PROD_021,Manduka PRO Yoga Mat,Wellness,Esterilla Yoga,130,True,,130.0,,2025,5,11,Noviembre,22,Sábado,True,False,False,False,False,326,47,,,,,,,,,0.0,116.0,1.1206896551724137,False,False,False,False,False,False,False,False,False,False,False,True,False,False,False,False,False,False,False,False,False,False,False,False,False,False,False,True,False,False,False,False,False,False,True,False,False,False,False,False,False,False,False,False
2025-11-22,PROD_022,Gaiam Premium Yoga Block,Wellness,Bloque Yoga,20,False,,19.64,,2025,5,11,Noviembre,22,Sábado,True,False,False,False,False,326,47,,,,,,,,,0.018000000000000016,19.493333333333336,1.0075239398084814,False,False,False,False,False,False,False,False,True,False,False,False,False,False,False,False,False,False,False,False,False,False,False,False,False,False,False,True,False,False,False,True,False,False,False,False,False,False,False,False,False,False,False,False
2025-11-22,PROD_023,Liforme Yoga Pad,Wellness,Rodillera Yoga,35,False,,34.53,,2025,5,11,Noviembre,22,Sábado,True,False,False,False,False,326,47,,,,,,,,,0.013428571428571345,34.556666666666665,0.9992283206327771,False,False,False,False,False,False,False,False,False,True,False,False,False,False,False,False,False,False,False,False,False,False,False,False,False,False,False,True,False,False,False,False,False,False,False,False,False,False,False,True,False,False,False,False
2025-11-22,PROD_024,Lotuscrafts Yoga Bolster,Wellness,Cojín Yoga,50,False,,50.57,,2025,5,11,Noviembre,22,Sábado,True,False,False,False,False,326,47,,,,,,,,,-0.011400000000000077,49.68,1.017914653784219,False,False,False,False,False,False,False,False,False,False,True,False,False,False,False,False,False,False,False,False,False,False,False,False,False,False,False,True,False,False,False,False,True,False,False,False,False,False,False,False,False,False,False,False
2025-11-23,PROD_001,Nike Air Zoom Pegasus 40,Running,Zapatillas Running,115,True,,115.0,,2025,6,11,Noviembre,23,Domingo,True,False,False,False,False,327,47,,,,,,,,,0.0,104.24,1.1032233307751345,False,False,False,False,False,False,False,False,False,False,False,False,False,False,True,False,False,False,False,False,False,False,False,False,False,False,True,False,False,False,False,False,False,False,False,False,False,False,False,False,False,False,True,False
2025-11-23,PROD_002,Adidas Ultraboost 23,Running,Zapatillas Running,135,True,,135.0,,2025,6,11,Noviembre,23,Domingo,True,False,False,False,False,327,47,,,,,,,,,0.0,121.97333333333334,1.1067993003935286,False,True,False,False,False,False,False,False,False,False,False,False,False,False,False,False,False,False,False,False,False,False,False,False,False,False,True,False,False,False,False,False,False,False,False,False,False,False,False,False,False,False,True,False
2025-11-23,PROD_003,Asics Gel Nimbus 25,Running,Zapatillas Running,85,False,,84.11,,2025,6,11,Noviembre,23,Domingo,True,False,False,False,False,327,47,,,,,,,,,0.01047058823529412,82.44333333333333,1.0202159058747422,False,False,True,False,False,False,False,False,False,False,False,False,False,False,False,False,False,False,False,False,False,False,False,False,False,False,True,False,False,False,False,False,False,False,False,False,False,False,False,False,False,False,True,False
2025-11-23,PROD_004,New Balance Fresh Foam X 1080v12,Running,Zapatillas Running,75,False,,73.54,,2025,6,11,Noviembre,23,Domingo,True,False,False,False,False,327,47,,,,,,,,,0.019466666666666632,72.92333333333333,1.0084563697033415,False,False,False,False,False,False,False,False,False,False,False,False,False,True,False,False,False,False,False,False,False,False,False,False,False,False,True,False,False,False,False,False,False,False,False,False,False,False,False,False,False,False,True,False
2025-11-23,PROD_005,Nike Dri-FIT Miler,Running,Ropa Running,35,False,,35.24,,2025,6,11,Noviembre,23,Domingo,True,False,False,False,False,327,47,,,,,,,,,-0.006857142857142895,33.54666666666667,1.0504769475357711,False,False,False,False,False,False,False,False,False,False,False,False,False,False,False,True,False,False,False,False,False,False,False,False,False,False,True,False,False,False,False,False,False,False,False,False,False,False,False,False,False,True,False,False
2025-11-23,PROD_006,Adidas Own The Run Jacket,Running,Ropa Running,65,False,,64.13,,2025,6,11,Noviembre,23,Domingo,True,False,False,False,False,327,47,,,,,,,,,0.01338461538461544,63.50666666666666,1.0098152424942264,True,False,False,False,False,False,False,False,False,False,False,False,False,False,False,False,False,False,False,False,False,False,False,False,False,False,True,False,False,False,False,False,False,False,False,False,False,False,False,False,False,True,False,False
2025-11-23,PROD_007,Puma Velocity Nitro 2,Running,Zapatillas Running,70,False,,69.75,,2025,6,11,Noviembre,23,Domingo,True,False,False,False,False,327,47,,,,,,,,,0.0035714285714285587,66.73,1.0452570058444477,False,False,False,False,False,False,False,False,False,False,False,False,False,False,False,False,True,False,False,False,False,False,False,False,False,False,True,False,False,False,False,False,False,False,False,False,False,False,False,False,False,False,True,False
2025-11-23,PROD_008,Reebok Floatride Energy 5,Running,Zapatillas Running,65,False,,65.82,,2025,6,11,Noviembre,23,Domingo,True,False,False,False,False,327,47,,,,,,,,,-0.012615384615384473,62.47,1.0536257403553704,False,False,False,False,False,False,False,False,False,False,False,False,False,False,False,False,False,False,True,False,False,False,False,False,False,False,True,False,False,False,False,False,False,False,False,False,False,False,False,False,False,False,True,False
2025-11-23,PROD_009,Bowflex SelectTech 552,Fitness,Mancuernas Ajustables,400,True,,400.0,,2025,6,11,Noviembre,23,Domingo,True,False,False,False,False,327,47,,,,,,,,,0.0,372.49333333333334,1.073844722053191,False,False,False,True,False,False,False,False,False,False,False,False,False,False,False,False,False,False,False,False,False,False,False,False,True,False,False,False,False,False,False,False,False,False,False,True,False,False,False,False,False,False,False,False
2025-11-23,PROD_010,Domyos BM900,Fitness,Banco Gimnasio,175,True,,175.0,,2025,6,11,Noviembre,23,Domingo,True,False,False,False,False,327,47,,,,,,,,,0.0,169.42666666666668,1.0328952545840875,False,False,False,False,False,False,True,False,False,False,False,False,False,False,False,False,False,False,False,False,False,False,False,False,True,False,False,False,True,False,False,False,False,False,False,False,False,False,False,False,False,False,False,False
2025-11-23,PROD_011,Reebok Professional Deck,Fitness,Esterilla Fitness,45,False,,45.37,,2025,6,11,Noviembre,23,Domingo,True,False,False,False,False,327,47,,,,,,,,,-0.00822222222222213,43.830000000000005,1.0351357517681952,False,False,False,False,False,False,False,False,False,False,False,False,False,False,False,False,False,False,False,True,False,False,False,False,True,False,False,False,False,False,False,False,False,True,False,False,False,False,False,False,False,False,False,False
2025-11-23,PROD_012,Domyos Kit Mancuernas 20kg,Fitness,Pesas Casa,55,False,,54.61,,2025,6,11,Noviembre,23,Domingo,True,False,False,False,False,327,47,,,,,,,,,0.007090909090909148,51.529999999999994,1.0597710071802835,False,False,False,False,False,False,False,True,False,False,False,False,False,False,False,False,False,False,False,False,False,False,False,False,True,False,False,False,False,False,False,False,False,False,False,False,False,False,True,False,False,False,False,False
2025-11-23,PROD_013,Decathlon Bandas Elásticas Set,Fitness,Bandas Elásticas,25,False,,25.35,,2025,6,11,Noviembre,23,Domingo,True,False,False,False,False,327,47,,,,,,,,,-0.014000000000000012,24.493333333333336,1.0349755035383776,False,False,False,False,False,True,False,False,False,False,False,False,False,False,False,False,False,False,False,False,False,False,False,False,True,False,False,False,False,True,False,False,False,False,False,False,False,False,False,False,False,False,False,False
2025-11-23,PROD_014,Sveltus Kettlebell 12kg,Fitness,Pesa Rusa,40,False,,40.51,,2025,6,11,Noviembre,23,Domingo,True,False,False,False,False,327,47,,,,,,,,,-0.012750000000000039,37.666666666666664,1.0754867256637168,False,False,False,False,False,False,False,False,False,False,False,False,False,False,False,False,False,False,False,False,False,True,False,False,True,False,False,False,False,False,False,False,False,False,False,False,False,True,False,False,False,False,False,False
2025-11-23,PROD_015,Salomon Speedcross 5 GTX,Outdoor,Zapatillas Trail,150,True,,150.0,,2025,6,11,Noviembre,23,Domingo,True,False,False,False,False,327,47,,,,,,,,,0.0,152.51,0.9835420628155531,False,False,False,False,False,False,False,False,False,False,False,False,False,False,False,False,False,False,False,False,True,False,False,False,False,True,False,False,False,False,False,False,False,False,False,False,False,False,False,False,False,False,False,True
2025-11-23,PROD_016,Trek Marlin 7,Outdoor,Bicicleta Montaña,830,True,,830.0,,2025,6,11,Noviembre,23,Domingo,True,False,False,False,False,327,47,,,,,,,,,0.0,780.1500000000001,1.0638979683394219,False,False,False,False,False,False,False,False,False,False,False,False,False,False,False,False,False,False,False,False,False,False,False,True,False,True,False,False,False,False,True,False,False,False,False,False,False,False,False,False,False,False,False,False
2025-11-23,PROD_017,The North Face Borealis,Outdoor,Mochila Trekking,95,False,,94.94,,2025,6,11,Noviembre,23,Domingo,True,False,False,False,False,327,47,,,,,,,,,0.0006315789473684275,90.63666666666666,1.0474789452392337,False,False,False,False,False,False,False,False,False,False,False,False,False,False,False,False,False,False,False,False,False,False,True,False,False,True,False,False,False,False,False,False,False,False,False,False,True,False,False,False,False,False,False,False
2025-11-23,PROD_018,Columbia Silver Ridge,Outdoor,Ropa Montaña,70,False,,71.1,,2025,6,11,Noviembre,23,Domingo,True,False,False,False,False,327,47,,,,,,,,,-0.01571428571428557,69.82,1.0183328559152105,False,False,False,False,True,False,False,False,False,False,False,False,False,False,False,False,False,False,False,False,False,False,False,False,False,True,False,False,False,False,False,False,False,False,False,False,False,False,False,False,True,False,False,False
2025-11-23,PROD_019,Merrell Moab 2 GTX,Outdoor,Zapatillas Trail,110,False,,107.92,,2025,6,11,Noviembre,23,Domingo,True,False,False,False,False,327,47,,,,,,,,,0.018909090909090875,107.0,1.0085981308411216,False,False,False,False,False,False,False,False,False,False,False,False,True,False,False,False,False,False,False,False,False,False,False,False,False,True,False,False,False,False,False,False,False,False,False,False,False,False,False,False,False,False,False,True
2025-11-23,PROD_020,Quechua MH500,Outdoor,Ropa Montaña,80,False,,78.86,,2025,6,11,Noviembre,23,Domingo,True,False,False,False,False,327,47,,,,,,,,,0.014249999999999985,81.66000000000001,0.9657114866519715,False,False,False,False,False,False,False,False,False,False,False,False,False,False,False,False,False,True,False,False,False,False,False,False,False,True,False,False,False,False,False,False,False,False,False,False,False,False,False,False,True,False,False,False
2025-11-23,PROD_021,Manduka PRO Yoga Mat,Wellness,Esterilla Yoga,130,True,,130.0,,2025,6,11,Noviembre,23,Domingo,True,False,False,False,False,327,47,,,,,,,,,0.0,126.0,1.0317460317460319,False,False,False,False,False,False,False,False,False,False,False,True,False,False,False,False,False,False,False,False,False,False,False,False,False,False,False,True,False,False,False,False,False,False,True,False,False,False,False,False,False,False,False,False
2025-11-23,PROD_022,Gaiam Premium Yoga Block,Wellness,Bloque Yoga,20,False,,19.79,,2025,6,11,Noviembre,23,Domingo,True,False,False,False,False,327,47,,,,,,,,,0.010500000000000065,19.483333333333334,1.0157399486740804,False,False,False,False,False,False,False,False,True,False,False,False,False,False,False,False,False,False,False,False,False,False,False,False,False,False,False,True,False,False,False,True,False,False,False,False,False,False,False,False,False,False,False,False
2025-11-23,PROD_023,Liforme Yoga Pad,Wellness,Rodillera Yoga,35,False,,35.47,,2025,6,11,Noviembre,23,Domingo,True,False,False,False,False,327,47,,,,,,,,,-0.013428571428571345,34.10666666666667,1.0399726348709928,False,False,False,False,False,False,False,False,False,True,False,False,False,False,False,False,False,False,False,False,False,False,False,False,False,False,False,True,False,False,False,False,False,False,False,False,False,False,False,True,False,False,False,False
2025-11-23,PROD_024,Lotuscrafts Yoga Bolster,Wellness,Cojín Yoga,50,False,,49.5,,2025,6,11,Noviembre,23,Domingo,True,False,False,False,False,327,47,,,,,,,,,0.010000000000000009,50.050000000000004,0.9890109890109889,False,False,False,False,False,False,False,False,False,False,True,False,False,False,False,False,False,False,False,False,False,False,False,False,False,False,False,True,False,False,False,False,True,False,False,False,False,False,False,False,False,False,False,False
2025-11-24,PROD_001,Nike Air Zoom Pegasus 40,Running,Zapatillas Running,115,True,,115.0,,2025,0,11,Noviembre,24,Lunes,False,False,False,False,True,328,48,,,,,,,,,0.0,101.14999999999999,1.1369253583786456,False,False,False,False,False,False,False,False,False,False,False,False,False,False,True,False,False,False,False,False,False,False,False,False,False,False,True,False,False,False,False,False,False,False,False,False,False,False,False,False,False,False,True,False
2025-11-24,PROD_002,Adidas Ultraboost 23,Running,Zapatillas Running,135,True,,135.0,,2025,0,11,Noviembre,24,Lunes,False,False,False,False,True,328,48,,,,,,,,,0.0,113.18333333333334,1.192755117066706,False,True,False,False,False,False,False,False,False,False,False,False,False,False,False,False,False,False,False,False,False,False,False,False,False,False,True,False,False,False,False,False,False,False,False,False,False,False,False,False,False,False,True,False
2025-11-24,PROD_003,Asics Gel Nimbus 25,Running,Zapatillas Running,85,False,,84.11,,2025,0,11,Noviembre,24,Lunes,False,False,False,False,True,328,48,,,,,,,,,0.01047058823529412,84.23,0.9985753294550634,False,False,True,False,False,False,False,False,False,False,False,False,False,False,False,False,False,False,False,False,False,False,False,False,False,False,True,False,False,False,False,False,False,False,False,False,False,False,False,False,False,False,True,False
2025-11-24,PROD_004,New Balance Fresh Foam X 1080v12,Running,Zapatillas Running,75,False,,73.79,,2025,0,11,Noviembre,24,Lunes,False,False,False,False,True,328,48,,,,,,,,,0.016133333333333222,67.01333333333334,1.1011241543971348,False,False,False,False,False,False,False,False,False,False,False,False,False,True,False,False,False,False,False,False,False,False,False,False,False,False,True,False,False,False,False,False,False,False,False,False,False,False,False,False,False,False,True,False
2025-11-24,PROD_005,Nike Dri-FIT Miler,Running,Ropa Running,35,False,,35.03,,2025,0,11,Noviembre,24,Lunes,False,False,False,False,True,328,48,,,,,,,,,-0.0008571428571428896,34.13666666666666,1.0261693194024022,False,False,False,False,False,False,False,False,False,False,False,False,False,False,False,True,False,False,False,False,False,False,False,False,False,False,True,False,False,False,False,False,False,False,False,False,False,False,False,False,False,True,False,False
2025-11-24,PROD_006,Adidas Own The Run Jacket,Running,Ropa Running,65,False,,65.06,,2025,0,11,Noviembre,24,Lunes,False,False,False,False,True,328,48,,,,,,,,,-0.0009230769230770264,64.5,1.0086821705426356,True,False,False,False,False,False,False,False,False,False,False,False,False,False,False,False,False,False,False,False,False,False,False,False,False,False,True,False,False,False,False,False,False,False,False,False,False,False,False,False,False,True,False,False
2025-11-24,PROD_007,Puma Velocity Nitro 2,Running,Zapatillas Running,70,False,,70.74,,2025,0,11,Noviembre,24,Lunes,False,False,False,False,True,328,48,,,,,,,,,-0.010571428571428454,68.37333333333333,1.034613884555382,False,False,False,False,False,False,False,False,False,False,False,False,False,False,False,False,True,False,False,False,False,False,False,False,False,False,True,False,False,False,False,False,False,False,False,False,False,False,False,False,False,False,True,False
2025-11-24,PROD_008,Reebok Floatride Energy 5,Running,Zapatillas Running,65,False,,65.1,,2025,0,11,Noviembre,24,Lunes,False,False,False,False,True,328,48,,,,,,,,,-0.0015384615384614886,65.53333333333333,0.9933875890132248,False,False,False,False,False,False,False,False,False,False,False,False,False,False,False,False,False,False,True,False,False,False,False,False,False,False,True,False,False,False,False,False,False,False,False,False,False,False,False,False,False,False,True,False
2025-11-24,PROD_009,Bowflex SelectTech 552,Fitness,Mancuernas Ajustables,400,True,,400.0,,2025,0,11,Noviembre,24,Lunes,False,False,False,False,True,328,48,,,,,,,,,0.0,364.71333333333337,1.0967517867914525,False,False,False,True,False,False,False,False,False,False,False,False,False,False,False,False,False,False,False,False,False,False,False,False,True,False,False,False,False,False,False,False,False,False,False,True,False,False,False,False,False,False,False,False
2025-11-24,PROD_010,Domyos BM900,Fitness,Banco Gimnasio,175,True,,175.0,,2025,0,11,Noviembre,24,Lunes,False,False,False,False,True,328,48,,,,,,,,,0.0,169.59333333333333,1.0318801839694955,False,False,False,False,False,False,True,False,False,False,False,False,False,False,False,False,False,False,False,False,False,False,False,False,True,False,False,False,True,False,False,False,False,False,False,False,False,False,False,False,False,False,False,False
2025-11-24,PROD_011,Reebok Professional Deck,Fitness,Esterilla Fitness,45,False,,45.39,,2025,0,11,Noviembre,24,Lunes,False,False,False,False,True,328,48,,,,,,,,,-0.0086666666666666,44.32,1.0241425992779782,False,False,False,False,False,False,False,False,False,False,False,False,False,False,False,False,False,False,False,True,False,False,False,False,True,False,False,False,False,False,False,False,False,True,False,False,False,False,False,False,False,False,False,False
2025-11-24,PROD_012,Domyos Kit Mancuernas 20kg,Fitness,Pesas Casa,55,False,,55.43,,2025,0,11,Noviembre,24,Lunes,False,False,False,False,True,328,48,,,,,,,,,-0.007818181818181724,50.78666666666667,1.0914281963770018,False,False,False,False,False,False,False,True,False,False,False,False,False,False,False,False,False,False,False,False,False,False,False,False,True,False,False,False,False,False,False,False,False,False,False,False,False,False,True,False,False,False,False,False
2025-11-24,PROD_013,Decathlon Bandas Elásticas Set,Fitness,Bandas Elásticas,25,False,,25.37,,2025,0,11,Noviembre,24,Lunes,False,False,False,False,True,328,48,,,,,,,,,-0.014800000000000146,24.393333333333334,1.0400382618201693,False,False,False,False,False,True,False,False,False,False,False,False,False,False,False,False,False,False,False,False,False,False,False,False,True,False,False,False,False,True,False,False,False,False,False,False,False,False,False,False,False,False,False,False
2025-11-24,PROD_014,Sveltus Kettlebell 12kg,Fitness,Pesa Rusa,40,False,,40.55,,2025,0,11,Noviembre,24,Lunes,False,False,False,False,True,328,48,,,,,,,,,-0.013749999999999929,39.843333333333334,1.0177361331883208,False,False,False,False,False,False,False,False,False,False,False,False,False,False,False,False,False,False,False,False,False,True,False,False,True,False,False,False,False,False,False,False,False,False,False,False,False,True,False,False,False,False,False,False
2025-11-24,PROD_015,Salomon Speedcross 5 GTX,Outdoor,Zapatillas Trail,150,True,,150.0,,2025,0,11,Noviembre,24,Lunes,False,False,False,False,True,328,48,,,,,,,,,0.0,138.61666666666667,1.0821209570758688,False,False,False,False,False,False,False,False,False,False,False,False,False,False,False,False,False,False,False,False,True,False,False,False,False,True,False,False,False,False,False,False,False,False,False,False,False,False,False,False,False,False,False,True
2025-11-24,PROD_016,Trek Marlin 7,Outdoor,Bicicleta Montaña,830,True,,830.0,,2025,0,11,Noviembre,24,Lunes,False,False,False,False,True,328,48,,,,,,,,,0.0,751.6333333333333,1.1042618297928954,False,False,False,False,False,False,False,False,False,False,False,False,False,False,False,False,False,False,False,False,False,False,False,True,False,True,False,False,False,False,True,False,False,False,False,False,False,False,False,False,False,False,False,False
2025-11-24,PROD_017,The North Face Borealis,Outdoor,Mochila Trekking,95,False,,95.57,,2025,0,11,Noviembre,24,Lunes,False,False,False,False,True,328,48,,,,,,,,,-0.006000000000000005,89.60000000000001,1.0666294642857141,False,False,False,False,False,False,False,False,False,False,False,False,False,False,False,False,False,False,False,False,False,False,True,False,False,True,False,False,False,False,False,False,False,False,False,False,True,False,False,False,False,False,False,False
2025-11-24,PROD_018,Columbia Silver Ridge,Outdoor,Ropa Montaña,70,False,,68.7,,2025,0,11,Noviembre,24,Lunes,False,False,False,False,True,328,48,,,,,,,,,0.018571428571428572,67.93,1.011335197997939,False,False,False,False,True,False,False,False,False,False,False,False,False,False,False,False,False,False,False,False,False,False,False,False,False,True,False,False,False,False,False,False,False,False,False,False,False,False,False,False,True,False,False,False
2025-11-24,PROD_019,Merrell Moab 2 GTX,Outdoor,Zapatillas Trail,110,False,,107.94,,2025,0,11,Noviembre,24,Lunes,False,False,False,False,True,328,48,,,,,,,,,0.018727272727272704,104.64,1.0315366972477065,False,False,False,False,False,False,False,False,False,False,False,False,True,False,False,False,False,False,False,False,False,False,False,False,False,True,False,False,False,False,False,False,False,False,False,False,False,False,False,False,False,False,False,True
2025-11-24,PROD_020,Quechua MH500,Outdoor,Ropa Montaña,80,False,,79.99,,2025,0,11,Noviembre,24,Lunes,False,False,False,False,True,328,48,,,,,,,,,0.00012500000000004174,75.65333333333332,1.0573228762777582,False,False,False,False,False,False,False,False,False,False,False,False,False,False,False,False,False,True,False,False,False,False,False,False,False,True,False,False,False,False,False,False,False,False,False,False,False,False,False,False,True,False,False,False
2025-11-24,PROD_021,Manduka PRO Yoga Mat,Wellness,Esterilla Yoga,130,True,,130.0,,2025,0,11,Noviembre,24,Lunes,False,False,False,False,True,328,48,,,,,,,,,0.0,128.61333333333334,1.0107816711590296,False,False,False,False,False,False,False,False,False,False,False,True,False,False,False,False,False,False,False,False,False,False,False,False,False,False,False,True,False,False,False,False,False,False,True,False,False,False,False,False,False,False,False,False
2025-11-24,PROD_022,Gaiam Premium Yoga Block,Wellness,Bloque Yoga,20,False,,19.66,,2025,0,11,Noviembre,24,Lunes,False,False,False,False,True,328,48,,,,,,,,,0.017000000000000015,18.99666666666667,1.0349184067380242,False,False,False,False,False,False,False,False,True,False,False,False,False,False,False,False,False,False,False,False,False,False,False,False,False,False,False,True,False,False,False,True,False,False,False,False,False,False,False,False,False,False,False,False
2025-11-24,PROD_023,Liforme Yoga Pad,Wellness,Rodillera Yoga,35,False,,34.63,,2025,0,11,Noviembre,24,Lunes,False,False,False,False,True,328,48,,,,,,,,,0.010571428571428454,34.916666666666664,0.9917899761336517,False,False,False,False,False,False,False,False,False,True,False,False,False,False,False,False,False,False,False,False,False,False,False,False,False,False,False,True,False,False,False,False,False,False,False,False,False,False,False,True,False,False,False,False
2025-11-24,PROD_024,Lotuscrafts Yoga Bolster,Wellness,Cojín Yoga,50,False,,50.87,,2025,0,11,Noviembre,24,Lunes,False,False,False,False,True,328,48,,,,,,,,,-0.01739999999999986,46.29333333333333,1.0988623271889402,False,False,False,False,False,False,False,False,False,False,True,False,False,False,False,False,False,False,False,False,False,False,False,False,False,False,False,True,False,False,False,False,True,False,False,False,False,False,False,False,False,False,False,False
2025-11-25,PROD_001,Nike Air Zoom Pegasus 40,Running,Zapatillas Running,115,True,,115.0,,2025,1,11,Noviembre,25,Martes,False,False,False,False,True,329,48,,,,,,,,,0.0,100.19999999999999,1.1477045908183634,False,False,False,False,False,False,False,False,False,False,False,False,False,False,True,False,False,False,False,False,False,False,False,False,False,False,True,False,False,False,False,False,False,False,False,False,False,False,False,False,False,False,True,False
2025-11-25,PROD_002,Adidas Ultraboost 23,Running,Zapatillas Running,135,True,,135.0,,2025,1,11,Noviembre,25,Martes,False,False,False,False,True,329,48,,,,,,,,,0.0,123.52666666666669,1.0928814291111228,False,True,False,False,False,False,False,False,False,False,False,False,False,False,False,False,False,False,False,False,False,False,False,False,False,False,True,False,False,False,False,False,False,False,False,False,False,False,False,False,False,False,True,False
2025-11-25,PROD_003,Asics Gel Nimbus 25,Running,Zapatillas Running,85,False,,85.45,,2025,1,11,Noviembre,25,Martes,False,False,False,False,True,329,48,,,,,,,,,-0.0052941176470588935,84.17666666666666,1.0151269156139866,False,False,True,False,False,False,False,False,False,False,False,False,False,False,False,False,False,False,False,False,False,False,False,False,False,False,True,False,False,False,False,False,False,False,False,False,False,False,False,False,False,False,True,False
2025-11-25,PROD_004,New Balance Fresh Foam X 1080v12,Running,Zapatillas Running,75,False,,74.7,,2025,1,11,Noviembre,25,Martes,False,False,False,False,True,329,48,,,,,,,,,0.0040000000000000036,73.19666666666667,1.0205382758777721,False,False,False,False,False,False,False,False,False,False,False,False,False,True,False,False,False,False,False,False,False,False,False,False,False,False,True,False,False,False,False,False,False,False,False,False,False,False,False,False,False,False,True,False
2025-11-25,PROD_005,Nike Dri-FIT Miler,Running,Ropa Running,35,False,,35.49,,2025,1,11,Noviembre,25,Martes,False,False,False,False,True,329,48,,,,,,,,,-0.014000000000000012,35.73,0.9932829554995803,False,False,False,False,False,False,False,False,False,False,False,False,False,False,False,True,False,False,False,False,False,False,False,False,False,False,True,False,False,False,False,False,False,False,False,False,False,False,False,False,False,True,False,False
2025-11-25,PROD_006,Adidas Own The Run Jacket,Running,Ropa Running,65,False,,64.84,,2025,1,11,Noviembre,25,Martes,False,False,False,False,True,329,48,,,,,,,,,0.002461538461538404,60.080000000000005,1.0792276964047935,True,False,False,False,False,False,False,False,False,False,False,False,False,False,False,False,False,False,False,False,False,False,False,False,False,False,True,False,False,False,False,False,False,False,False,False,False,False,False,False,False,True,False,False
2025-11-25,PROD_007,Puma Velocity Nitro 2,Running,Zapatillas Running,70,False,,70.84,,2025,1,11,Noviembre,25,Martes,False,False,False,False,True,329,48,,,,,,,,,-0.01200000000000001,67.59,1.0480840361000148,False,False,False,False,False,False,False,False,False,False,False,False,False,False,False,False,True,False,False,False,False,False,False,False,False,False,True,False,False,False,False,False,False,False,False,False,False,False,False,False,False,False,True,False
2025-11-25,PROD_008,Reebok Floatride Energy 5,Running,Zapatillas Running,65,False,,66.01,,2025,1,11,Noviembre,25,Martes,False,False,False,False,True,329,48,,,,,,,,,-0.015538461538461723,63.75333333333333,1.03539684199519,False,False,False,False,False,False,False,False,False,False,False,False,False,False,False,False,False,False,True,False,False,False,False,False,False,False,True,False,False,False,False,False,False,False,False,False,False,False,False,False,False,False,True,False
2025-11-25,PROD_009,Bowflex SelectTech 552,Fitness,Mancuernas Ajustables,400,True,,400.0,,2025,1,11,Noviembre,25,Martes,False,False,False,False,True,329,48,,,,,,,,,0.0,366.96999999999997,1.0900073575496636,False,False,False,True,False,False,False,False,False,False,False,False,False,False,False,False,False,False,False,False,False,False,False,False,True,False,False,False,False,False,False,False,False,False,False,True,False,False,False,False,False,False,False,False
2025-11-25,PROD_010,Domyos BM900,Fitness,Banco Gimnasio,175,True,,175.0,,2025,1,11,Noviembre,25,Martes,False,False,False,False,True,329,48,,,,,,,,,0.0,166.42999999999998,1.0514931202307278,False,False,False,False,False,False,True,False,False,False,False,False,False,False,False,False,False,False,False,False,False,False,False,False,True,False,False,False,True,False,False,False,False,False,False,False,False,False,False,False,False,False,False,False
2025-11-25,PROD_011,Reebok Professional Deck,Fitness,Esterilla Fitness,45,False,,45.57,,2025,1,11,Noviembre,25,Martes,False,False,False,False,True,329,48,,,,,,,,,-0.012666666666666604,45.913333333333334,0.992522143168288,False,False,False,False,False,False,False,False,False,False,False,False,False,False,False,False,False,False,False,True,False,False,False,False,True,False,False,False,False,False,False,False,False,True,False,False,False,False,False,False,False,False,False,False
2025-11-25,PROD_012,Domyos Kit Mancuernas 20kg,Fitness,Pesas Casa,55,False,,54.4,,2025,1,11,Noviembre,25,Martes,False,False,False,False,True,329,48,,,,,,,,,0.01090909090909098,51.72,1.051817478731632,False,False,False,False,False,False,False,True,False,False,False,False,False,False,False,False,False,False,False,False,False,False,False,False,True,False,False,False,False,False,False,False,False,False,False,False,False,False,True,False,False,False,False,False
2025-11-25,PROD_013,Decathlon Bandas Elásticas Set,Fitness,Bandas Elásticas,25,False,,24.8,,2025,1,11,Noviembre,25,Martes,False,False,False,False,True,329,48,,,,,,,,,0.008000000000000007,24.083333333333332,1.029757785467128,False,False,False,False,False,True,False,False,False,False,False,False,False,False,False,False,False,False,False,False,False,False,False,False,True,False,False,False,False,True,False,False,False,False,False,False,False,False,False,False,False,False,False,False
2025-11-25,PROD_014,Sveltus Kettlebell 12kg,Fitness,Pesa Rusa,40,False,,39.68,,2025,1,11,Noviembre,25,Martes,False,False,False,False,True,329,48,,,,,,,,,0.008000000000000007,41.65,0.9527010804321729,False,False,False,False,False,False,False,False,False,False,False,False,False,False,False,False,False,False,False,False,False,True,False,False,True,False,False,False,False,False,False,False,False,False,False,False,False,True,False,False,False,False,False,False
2025-11-25,PROD_015,Salomon Speedcross 5 GTX,Outdoor,Zapatillas Trail,150,True,,150.0,,2025,1,11,Noviembre,25,Martes,False,False,False,False,True,329,48,,,,,,,,,0.0,140.77333333333334,1.065542716423565,False,False,False,False,False,False,False,False,False,False,False,False,False,False,False,False,False,False,False,False,True,False,False,False,False,True,False,False,False,False,False,False,False,False,False,False,False,False,False,False,False,False,False,True
2025-11-25,PROD_016,Trek Marlin 7,Outdoor,Bicicleta Montaña,830,True,,830.0,,2025,1,11,Noviembre,25,Martes,False,False,False,False,True,329,48,,,,,,,,,0.0,766.6266666666667,1.0826651825312625,False,False,False,False,False,False,False,False,False,False,False,False,False,False,False,False,False,False,False,False,False,False,False,True,False,True,False,False,False,False,True,False,False,False,False,False,False,False,False,False,False,False,False,False
2025-11-25,PROD_017,The North Face Borealis,Outdoor,Mochila Trekking,95,False,,95.05,,2025,1,11,Noviembre,25,Martes,False,False,False,False,True,329,48,,,,,,,,,-0.000526315789473708,92.11333333333334,1.0318810161395382,False,False,False,False,False,False,False,False,False,False,False,False,False,False,False,False,False,False,False,False,False,False,True,False,False,True,False,False,False,False,False,False,False,False,False,False,True,False,False,False,False,False,False,False
2025-11-25,PROD_018,Columbia Silver Ridge,Outdoor,Ropa Montaña,70,False,,68.86,,2025,1,11,Noviembre,25,Martes,False,False,False,False,True,329,48,,,,,,,,,0.016285714285714348,68.85333333333334,1.000096824167312,False,False,False,False,True,False,False,False,False,False,False,False,False,False,False,False,False,False,False,False,False,False,False,False,False,True,False,False,False,False,False,False,False,False,False,False,False,False,False,False,True,False,False,False
2025-11-25,PROD_019,Merrell Moab 2 GTX,Outdoor,Zapatillas Trail,110,False,,107.9,,2025,1,11,Noviembre,25,Martes,False,False,False,False,True,329,48,,,,,,,,,0.019090909090909047,108.71666666666665,0.9924881189636672,False,False,False,False,False,False,False,False,False,False,False,False,True,False,False,False,False,False,False,False,False,False,False,False,False,True,False,False,False,False,False,False,False,False,False,False,False,False,False,False,False,False,False,True
2025-11-25,PROD_020,Quechua MH500,Outdoor,Ropa Montaña,80,False,,80.8,,2025,1,11,Noviembre,25,Martes,False,False,False,False,True,329,48,,,,,,,,,-0.010000000000000009,77.20666666666666,1.0465417494171487,False,False,False,False,False,False,False,False,False,False,False,False,False,False,False,False,False,True,False,False,False,False,False,False,False,True,False,False,False,False,False,False,False,False,False,False,False,False,False,False,True,False,False,False
2025-11-25,PROD_021,Manduka PRO Yoga Mat,Wellness,Esterilla Yoga,130,True,,130.0,,2025,1,11,Noviembre,25,Martes,False,False,False,False,True,329,48,,,,,,,,,0.0,124.62666666666667,1.043115438108484,False,False,False,False,False,False,False,False,False,False,False,True,False,False,False,False,False,False,False,False,False,False,False,False,False,False,False,True,False,False,False,False,False,False,True,False,False,False,False,False,False,False,False,False
2025-11-25,PROD_022,Gaiam Premium Yoga Block,Wellness,Bloque Yoga,20,False,,19.75,,2025,1,11,Noviembre,25,Martes,False,False,False,False,True,329,48,,,,,,,,,0.012499999999999956,19.37333333333333,1.0194425326909842,False,False,False,False,False,False,False,False,True,False,False,False,False,False,False,False,False,False,False,False,False,False,False,False,False,False,False,True,False,False,False,True,False,False,False,False,False,False,False,False,False,False,False,False
2025-11-25,PROD_023,Liforme Yoga Pad,Wellness,Rodillera Yoga,35,False,,34.37,,2025,1,11,Noviembre,25,Martes,False,False,False,False,True,329,48,,,,,,,,,0.018000000000000127,34.663333333333334,0.9915376478507548,False,False,False,False,False,False,False,False,False,True,False,False,False,False,False,False,False,False,False,False,False,False,False,False,False,False,False,True,False,False,False,False,False,False,False,False,False,False,False,True,False,False,False,False
2025-11-25,PROD_024,Lotuscrafts Yoga Bolster,Wellness,Cojín Yoga,50,False,,49.04,,2025,1,11,Noviembre,25,Martes,False,False,False,False,True,329,48,,,,,,,,,0.019199999999999995,47.39000000000001,1.0348174720405148,False,False,False,False,False,False,False,False,False,False,True,False,False,False,False,False,False,False,False,False,False,False,False,False,False,False,False,True,False,False,False,False,True,False,False,False,False,False,False,False,False,False,False,False
2025-11-26,PROD_001,Nike Air Zoom Pegasus 40,Running,Zapatillas Running,115,True,,115.0,,2025,2,11,Noviembre,26,Miércoles,False,False,False,False,True,330,48,,,,,,,,,0.0,97.41000000000001,1.1805769428190123,False,False,False,False,False,False,False,False,False,False,False,False,False,False,True,False,False,False,False,False,False,False,False,False,False,False,True,False,False,False,False,False,False,False,False,False,False,False,False,False,False,False,True,False
2025-11-26,PROD_002,Adidas Ultraboost 23,Running,Zapatillas Running,135,True,,135.0,,2025,2,11,Noviembre,26,Miércoles,False,False,False,False,True,330,48,,,,,,,,,0.0,119.34333333333332,1.1311901237326483,False,True,False,False,False,False,False,False,False,False,False,False,False,False,False,False,False,False,False,False,False,False,False,False,False,False,True,False,False,False,False,False,False,False,False,False,False,False,False,False,False,False,True,False
2025-11-26,PROD_003,Asics Gel Nimbus 25,Running,Zapatillas Running,85,False,,83.44,,2025,2,11,Noviembre,26,Miércoles,False,False,False,False,True,330,48,,,,,,,,,0.018352941176470572,83.99333333333334,0.9934121755694896,False,False,True,False,False,False,False,False,False,False,False,False,False,False,False,False,False,False,False,False,False,False,False,False,False,False,True,False,False,False,False,False,False,False,False,False,False,False,False,False,False,False,True,False
2025-11-26,PROD_004,New Balance Fresh Foam X 1080v12,Running,Zapatillas Running,75,False,,73.64,,2025,2,11,Noviembre,26,Miércoles,False,False,False,False,True,330,48,,,,,,,,,0.018133333333333335,74.18333333333332,0.9926758031902945,False,False,False,False,False,False,False,False,False,False,False,False,False,True,False,False,False,False,False,False,False,False,False,False,False,False,True,False,False,False,False,False,False,False,False,False,False,False,False,False,False,False,True,False
2025-11-26,PROD_005,Nike Dri-FIT Miler,Running,Ropa Running,35,False,,34.49,,2025,2,11,Noviembre,26,Miércoles,False,False,False,False,True,330,48,,,,,,,,,0.014571428571428569,35.43666666666667,0.9732856739723451,False,False,False,False,False,False,False,False,False,False,False,False,False,False,False,True,False,False,False,False,False,False,False,False,False,False,True,False,False,False,False,False,False,False,False,False,False,False,False,False,False,True,False,False
2025-11-26,PROD_006,Adidas Own The Run Jacket,Running,Ropa Running,65,False,,64.48,,2025,2,11,Noviembre,26,Miércoles,False,False,False,False,True,330,48,,,,,,,,,0.007999999999999896,64.16666666666667,1.004883116883117,True,False,False,False,False,False,False,False,False,False,False,False,False,False,False,False,False,False,False,False,False,False,False,False,False,False,True,False,False,False,False,False,False,False,False,False,False,False,False,False,False,True,False,False
2025-11-26,PROD_007,Puma Velocity Nitro 2,Running,Zapatillas Running,70,False,,70.37,,2025,2,11,Noviembre,26,Miércoles,False,False,False,False,True,330,48,,,,,,,,,-0.005285714285714338,64.95,1.0834488067744419,False,False,False,False,False,False,False,False,False,False,False,False,False,False,False,False,True,False,False,False,False,False,False,False,False,False,True,False,False,False,False,False,False,False,False,False,False,False,False,False,False,False,True,False
2025-11-26,PROD_008,Reebok Floatride Energy 5,Running,Zapatillas Running,65,False,,65.13,,2025,2,11,Noviembre,26,Miércoles,False,False,False,False,True,330,48,,,,,,,,,-0.0020000000000000018,61.089999999999996,1.06613193648715,False,False,False,False,False,False,False,False,False,False,False,False,False,False,False,False,False,False,True,False,False,False,False,False,False,False,True,False,False,False,False,False,False,False,False,False,False,False,False,False,False,False,True,False
2025-11-26,PROD_009,Bowflex SelectTech 552,Fitness,Mancuernas Ajustables,400,True,,400.0,,2025,2,11,Noviembre,26,Miércoles,False,False,False,False,True,330,48,,,,,,,,,0.0,384.2333333333333,1.0410340938665743,False,False,False,True,False,False,False,False,False,False,False,False,False,False,False,False,False,False,False,False,False,False,False,False,True,False,False,False,False,False,False,False,False,False,False,True,False,False,False,False,False,False,False,False
2025-11-26,PROD_010,Domyos BM900,Fitness,Banco Gimnasio,175,True,,175.0,,2025,2,11,Noviembre,26,Miércoles,False,False,False,False,True,330,48,,,,,,,,,0.0,166.3,1.0523150932050511,False,False,False,False,False,False,True,False,False,False,False,False,False,False,False,False,False,False,False,False,False,False,False,False,True,False,False,False,True,False,False,False,False,False,False,False,False,False,False,False,False,False,False,False
2025-11-26,PROD_011,Reebok Professional Deck,Fitness,Esterilla Fitness,45,False,,45.05,,2025,2,11,Noviembre,26,Miércoles,False,False,False,False,True,330,48,,,,,,,,,-0.0011111111111110628,43.15,1.0440324449594438,False,False,False,False,False,False,False,False,False,False,False,False,False,False,False,False,False,False,False,True,False,False,False,False,True,False,False,False,False,False,False,False,False,True,False,False,False,False,False,False,False,False,False,False
2025-11-26,PROD_012,Domyos Kit Mancuernas 20kg,Fitness,Pesas Casa,55,False,,55.37,,2025,2,11,Noviembre,26,Miércoles,False,False,False,False,True,330,48,,,,,,,,,-0.006727272727272693,54.64666666666667,1.0132365499573013,False,False,False,False,False,False,False,True,False,False,False,False,False,False,False,False,False,False,False,False,False,False,False,False,True,False,False,False,False,False,False,False,False,False,False,False,False,False,True,False,False,False,False,False
2025-11-26,PROD_013,Decathlon Bandas Elásticas Set,Fitness,Bandas Elásticas,25,False,,24.85,,2025,2,11,Noviembre,26,Miércoles,False,False,False,False,True,330,48,,,,,,,,,0.005999999999999894,23.83666666666667,1.0425115368479931,False,False,False,False,False,True,False,False,False,False,False,False,False,False,False,False,False,False,False,False,False,False,False,False,True,False,False,False,False,True,False,False,False,False,False,False,False,False,False,False,False,False,False,False
2025-11-26,PROD_014,Sveltus Kettlebell 12kg,Fitness,Pesa Rusa,40,False,,40.6,,2025,2,11,Noviembre,26,Miércoles,False,False,False,False,True,330,48,,,,,,,,,-0.015000000000000124,39.913333333333334,1.0172039418740604,False,False,False,False,False,False,False,False,False,False,False,False,False,False,False,False,False,False,False,False,False,True,False,False,True,False,False,False,False,False,False,False,False,False,False,False,False,True,False,False,False,False,False,False
2025-11-26,PROD_015,Salomon Speedcross 5 GTX,Outdoor,Zapatillas Trail,150,True,,150.0,,2025,2,11,Noviembre,26,Miércoles,False,False,False,False,True,330,48,,,,,,,,,0.0,142.06666666666666,1.0558423275457531,False,False,False,False,False,False,False,False,False,False,False,False,False,False,False,False,False,False,False,False,True,False,False,False,False,True,False,False,False,False,False,False,False,False,False,False,False,False,False,False,False,False,False,True
2025-11-26,PROD_016,Trek Marlin 7,Outdoor,Bicicleta Montaña,830,True,,830.0,,2025,2,11,Noviembre,26,Miércoles,False,False,False,False,True,330,48,,,,,,,,,0.0,789.48,1.0513249227339514,False,False,False,False,False,False,False,False,False,False,False,False,False,False,False,False,False,False,False,False,False,False,False,True,False,True,False,False,False,False,True,False,False,False,False,False,False,False,False,False,False,False,False,False
2025-11-26,PROD_017,The North Face Borealis,Outdoor,Mochila Trekking,95,False,,93.73,,2025,2,11,Noviembre,26,Miércoles,False,False,False,False,True,330,48,,,,,,,,,0.013368421052631585,90.74333333333334,1.0329133453329904,False,False,False,False,False,False,False,False,False,False,False,False,False,False,False,False,False,False,False,False,False,False,True,False,False,True,False,False,False,False,False,False,False,False,False,False,True,False,False,False,False,False,False,False
2025-11-26,PROD_018,Columbia Silver Ridge,Outdoor,Ropa Montaña,70,False,,70.92,,2025,2,11,Noviembre,26,Miércoles,False,False,False,False,True,330,48,,,,,,,,,-0.013142857142857123,66.43333333333334,1.0675363773206221,False,False,False,False,True,False,False,False,False,False,False,False,False,False,False,False,False,False,False,False,False,False,False,False,False,True,False,False,False,False,False,False,False,False,False,False,False,False,False,False,True,False,False,False
2025-11-26,PROD_019,Merrell Moab 2 GTX,Outdoor,Zapatillas Trail,110,False,,108.31,,2025,2,11,Noviembre,26,Miércoles,False,False,False,False,True,330,48,,,,,,,,,0.015363636363636357,106.27,1.0191963865625295,False,False,False,False,False,False,False,False,False,False,False,False,True,False,False,False,False,False,False,False,False,False,False,False,False,True,False,False,False,False,False,False,False,False,False,False,False,False,False,False,False,False,False,True
2025-11-26,PROD_020,Quechua MH500,Outdoor,Ropa Montaña,80,False,,79.28,,2025,2,11,Noviembre,26,Miércoles,False,False,False,False,True,330,48,,,,,,,,,0.009000000000000008,77.86666666666667,1.0181506849315067,False,False,False,False,False,False,False,False,False,False,False,False,False,False,False,False,False,True,False,False,False,False,False,False,False,True,False,False,False,False,False,False,False,False,False,False,False,False,False,False,True,False,False,False
2025-11-26,PROD_021,Manduka PRO Yoga Mat,Wellness,Esterilla Yoga,130,True,,130.0,,2025,2,11,Noviembre,26,Miércoles,False,False,False,False,True,330,48,,,,,,,,,0.0,123.15333333333332,1.055594651653765,False,False,False,False,False,False,False,False,False,False,False,True,False,False,False,False,False,False,False,False,False,False,False,False,False,False,False,True,False,False,False,False,False,False,True,False,False,False,False,False,False,False,False,False
2025-11-26,PROD_022,Gaiam Premium Yoga Block,Wellness,Bloque Yoga,20,False,,19.98,,2025,2,11,Noviembre,26,Miércoles,False,False,False,False,True,330,48,,,,,,,,,0.0010000000000000009,19.563333333333336,1.0212983472482533,False,False,False,False,False,False,False,False,True,False,False,False,False,False,False,False,False,False,False,False,False,False,False,False,False,False,False,True,False,False,False,True,False,False,False,False,False,False,False,False,False,False,False,False
2025-11-26,PROD_023,Liforme Yoga Pad,Wellness,Rodillera Yoga,35,False,,35.51,,2025,2,11,Noviembre,26,Miércoles,False,False,False,False,True,330,48,,,,,,,,,-0.014571428571428457,33.14333333333334,1.07140702001408,False,False,False,False,False,False,False,False,False,True,False,False,False,False,False,False,False,False,False,False,False,False,False,False,False,False,False,True,False,False,False,False,False,False,False,False,False,False,False,True,False,False,False,False
2025-11-26,PROD_024,Lotuscrafts Yoga Bolster,Wellness,Cojín Yoga,50,False,,50.85,,2025,2,11,Noviembre,26,Miércoles,False,False,False,False,True,330,48,,,,,,,,,-0.017000000000000126,47.66,1.0669324381032312,False,False,False,False,False,False,False,False,False,False,True,False,False,False,False,False,False,False,False,False,False,False,False,False,False,False,False,True,False,False,False,False,True,False,False,False,False,False,False,False,False,False,False,False
2025-11-27,PROD_001,Nike Air Zoom Pegasus 40,Running,Zapatillas Running,115,True,,115.0,,2025,3,11,Noviembre,27,Jueves,False,False,False,False,True,331,48,,,,,,,,,0.0,102.44,1.1226083561108942,False,False,False,False,False,False,False,False,False,False,False,False,False,False,True,False,False,False,False,False,False,False,False,False,False,False,True,False,False,False,False,False,False,False,False,False,False,False,False,False,False,False,True,False
2025-11-27,PROD_002,Adidas Ultraboost 23,Running,Zapatillas Running,135,True,,135.0,,2025,3,11,Noviembre,27,Jueves,False,False,False,False,True,331,48,,,,,,,,,0.0,119.60666666666667,1.1286996265537037,False,True,False,False,False,False,False,False,False,False,False,False,False,False,False,False,False,False,False,False,False,False,False,False,False,False,True,False,False,False,False,False,False,False,False,False,False,False,False,False,False,False,True,False
2025-11-27,PROD_003,Asics Gel Nimbus 25,Running,Zapatillas Running,85,False,,83.36,,2025,3,11,Noviembre,27,Jueves,False,False,False,False,True,331,48,,,,,,,,,0.019294117647058795,78.92,1.0562595032944755,False,False,True,False,False,False,False,False,False,False,False,False,False,False,False,False,False,False,False,False,False,False,False,False,False,False,True,False,False,False,False,False,False,False,False,False,False,False,False,False,False,False,True,False
2025-11-27,PROD_004,New Balance Fresh Foam X 1080v12,Running,Zapatillas Running,75,False,,75.48,,2025,3,11,Noviembre,27,Jueves,False,False,False,False,True,331,48,,,,,,,,,-0.006399999999999961,72.32000000000001,1.0436946902654867,False,False,False,False,False,False,False,False,False,False,False,False,False,True,False,False,False,False,False,False,False,False,False,False,False,False,True,False,False,False,False,False,False,False,False,False,False,False,False,False,False,False,True,False
2025-11-27,PROD_005,Nike Dri-FIT Miler,Running,Ropa Running,35,False,,34.6,,2025,3,11,Noviembre,27,Jueves,False,False,False,False,True,331,48,,,,,,,,,0.011428571428571344,33.38333333333333,1.036445332001997,False,False,False,False,False,False,False,False,False,False,False,False,False,False,False,True,False,False,False,False,False,False,False,False,False,False,True,False,False,False,False,False,False,False,False,False,False,False,False,False,False,True,False,False
2025-11-27,PROD_006,Adidas Own The Run Jacket,Running,Ropa Running,65,False,,64.7,,2025,3,11,Noviembre,27,Jueves,False,False,False,False,True,331,48,,,,,,,,,0.004615384615384577,63.20666666666667,1.023626199767957,True,False,False,False,False,False,False,False,False,False,False,False,False,False,False,False,False,False,False,False,False,False,False,False,False,False,True,False,False,False,False,False,False,False,False,False,False,False,False,False,False,True,False,False
2025-11-27,PROD_007,Puma Velocity Nitro 2,Running,Zapatillas Running,70,False,,70.94,,2025,3,11,Noviembre,27,Jueves,False,False,False,False,True,331,48,,,,,,,,,-0.013428571428571345,67.63,1.0489427768741684,False,False,False,False,False,False,False,False,False,False,False,False,False,False,False,False,True,False,False,False,False,False,False,False,False,False,True,False,False,False,False,False,False,False,False,False,False,False,False,False,False,False,True,False
2025-11-27,PROD_008,Reebok Floatride Energy 5,Running,Zapatillas Running,65,False,,65.58,,2025,3,11,Noviembre,27,Jueves,False,False,False,False,True,331,48,,,,,,,,,-0.008923076923076811,61.51,1.0661681027475207,False,False,False,False,False,False,False,False,False,False,False,False,False,False,False,False,False,False,True,False,False,False,False,False,False,False,True,False,False,False,False,False,False,False,False,False,False,False,False,False,False,False,True,False
2025-11-27,PROD_009,Bowflex SelectTech 552,Fitness,Mancuernas Ajustables,400,True,,400.0,,2025,3,11,Noviembre,27,Jueves,False,False,False,False,True,331,48,,,,,,,,,0.0,368.75333333333333,1.0847359571890876,False,False,False,True,False,False,False,False,False,False,False,False,False,False,False,False,False,False,False,False,False,False,False,False,True,False,False,False,False,False,False,False,False,False,False,True,False,False,False,False,False,False,False,False
2025-11-27,PROD_010,Domyos BM900,Fitness,Banco Gimnasio,175,True,,175.0,,2025,3,11,Noviembre,27,Jueves,False,False,False,False,True,331,48,,,,,,,,,0.0,159.56333333333333,1.0967431949696045,False,False,False,False,False,False,True,False,False,False,False,False,False,False,False,False,False,False,False,False,False,False,False,False,True,False,False,False,True,False,False,False,False,False,False,False,False,False,False,False,False,False,False,False
2025-11-27,PROD_011,Reebok Professional Deck,Fitness,Esterilla Fitness,45,False,,44.21,,2025,3,11,Noviembre,27,Jueves,False,False,False,False,True,331,48,,,,,,,,,0.017555555555555546,42.82333333333333,1.0323811006460653,False,False,False,False,False,False,False,False,False,False,False,False,False,False,False,False,False,False,False,True,False,False,False,False,True,False,False,False,False,False,False,False,False,True,False,False,False,False,False,False,False,False,False,False
2025-11-27,PROD_012,Domyos Kit Mancuernas 20kg,Fitness,Pesas Casa,55,False,,55.04,,2025,3,11,Noviembre,27,Jueves,False,False,False,False,True,331,48,,,,,,,,,-0.0007272727272726875,52.79333333333333,1.042555878267458,False,False,False,False,False,False,False,True,False,False,False,False,False,False,False,False,False,False,False,False,False,False,False,False,True,False,False,False,False,False,False,False,False,False,False,False,False,False,True,False,False,False,False,False
2025-11-27,PROD_013,Decathlon Bandas Elásticas Set,Fitness,Bandas Elásticas,25,False,,25.32,,2025,3,11,Noviembre,27,Jueves,False,False,False,False,True,331,48,,,,,,,,,-0.012799999999999923,24.833333333333332,1.0195973154362417,False,False,False,False,False,True,False,False,False,False,False,False,False,False,False,False,False,False,False,False,False,False,False,False,True,False,False,False,False,True,False,False,False,False,False,False,False,False,False,False,False,False,False,False
2025-11-27,PROD_014,Sveltus Kettlebell 12kg,Fitness,Pesa Rusa,40,False,,39.21,,2025,3,11,Noviembre,27,Jueves,False,False,False,False,True,331,48,,,,,,,,,0.019749999999999934,37.86666666666667,1.035475352112676,False,False,False,False,False,False,False,False,False,False,False,False,False,False,False,False,False,False,False,False,False,True,False,False,True,False,False,False,False,False,False,False,False,False,False,False,False,True,False,False,False,False,False,False
2025-11-27,PROD_015,Salomon Speedcross 5 GTX,Outdoor,Zapatillas Trail,150,True,,150.0,,2025,3,11,Noviembre,27,Jueves,False,False,False,False,True,331,48,,,,,,,,,0.0,145.67333333333332,1.0297011578417465,False,False,False,False,False,False,False,False,False,False,False,False,False,False,False,False,False,False,False,False,True,False,False,False,False,True,False,False,False,False,False,False,False,False,False,False,False,False,False,False,False,False,False,True
2025-11-27,PROD_016,Trek Marlin 7,Outdoor,Bicicleta Montaña,830,True,,830.0,,2025,3,11,Noviembre,27,Jueves,False,False,False,False,True,331,48,,,,,,,,,0.0,777.2966666666666,1.067803369798747,False,False,False,False,False,False,False,False,False,False,False,False,False,False,False,False,False,False,False,False,False,False,False,True,False,True,False,False,False,False,True,False,False,False,False,False,False,False,False,False,False,False,False,False
2025-11-27,PROD_017,The North Face Borealis,Outdoor,Mochila Trekking,95,False,,95.07,,2025,3,11,Noviembre,27,Jueves,False,False,False,False,True,331,48,,,,,,,,,-0.0007368421052631469,91.80666666666667,1.0355457120034854,False,False,False,False,False,False,False,False,False,False,False,False,False,False,False,False,False,False,False,False,False,False,True,False,False,True,False,False,False,False,False,False,False,False,False,False,True,False,False,False,False,False,False,False
2025-11-27,PROD_018,Columbia Silver Ridge,Outdoor,Ropa Montaña,70,False,,69.49,,2025,3,11,Noviembre,27,Jueves,False,False,False,False,True,331,48,,,,,,,,,0.00728571428571434,69.36,1.001874279123414,False,False,False,False,True,False,False,False,False,False,False,False,False,False,False,False,False,False,False,False,False,False,False,False,False,True,False,False,False,False,False,False,False,False,False,False,False,False,False,False,True,False,False,False
2025-11-27,PROD_019,Merrell Moab 2 GTX,Outdoor,Zapatillas Trail,110,False,,111.71,,2025,3,11,Noviembre,27,Jueves,False,False,False,False,True,331,48,,,,,,,,,-0.015545454545454529,109.06333333333333,1.0242672453314587,False,False,False,False,False,False,False,False,False,False,False,False,True,False,False,False,False,False,False,False,False,False,False,False,False,True,False,False,False,False,False,False,False,False,False,False,False,False,False,False,False,False,False,True
2025-11-27,PROD_020,Quechua MH500,Outdoor,Ropa Montaña,80,False,,79.41,,2025,3,11,Noviembre,27,Jueves,False,False,False,False,True,331,48,,,,,,,,,0.00737500000000002,75.27,1.055001992825827,False,False,False,False,False,False,False,False,False,False,False,False,False,False,False,False,False,True,False,False,False,False,False,False,False,True,False,False,False,False,False,False,False,False,False,False,False,False,False,False,True,False,False,False
2025-11-27,PROD_021,Manduka PRO Yoga Mat,Wellness,Esterilla Yoga,130,True,,130.0,,2025,3,11,Noviembre,27,Jueves,False,False,False,False,True,331,48,,,,,,,,,0.0,123.42,1.0533138875384864,False,False,False,False,False,False,False,False,False,False,False,True,False,False,False,False,False,False,False,False,False,False,False,False,False,False,False,True,False,False,False,False,False,False,True,False,False,False,False,False,False,False,False,False
2025-11-27,PROD_022,Gaiam Premium Yoga Block,Wellness,Bloque Yoga,20,False,,20.11,,2025,3,11,Noviembre,27,Jueves,False,False,False,False,True,331,48,,,,,,,,,-0.00550000000000006,19.55666666666667,1.0282938469405147,False,False,False,False,False,False,False,False,True,False,False,False,False,False,False,False,False,False,False,False,False,False,False,False,False,False,False,True,False,False,False,True,False,False,False,False,False,False,False,False,False,False,False,False
2025-11-27,PROD_023,Liforme Yoga Pad,Wellness,Rodillera Yoga,35,False,,34.48,,2025,3,11,Noviembre,27,Jueves,False,False,False,False,True,331,48,,,,,,,,,0.014857142857142902,33.78666666666667,1.0205209155485397,False,False,False,False,False,False,False,False,False,True,False,False,False,False,False,False,False,False,False,False,False,False,False,False,False,False,False,True,False,False,False,False,False,False,False,False,False,False,False,True,False,False,False,False
2025-11-27,PROD_024,Lotuscrafts Yoga Bolster,Wellness,Cojín Yoga,50,False,,49.82,,2025,3,11,Noviembre,27,Jueves,False,False,False,False,True,331,48,,,,,,,,,0.0036000000000000476,47.51333333333333,1.0485477760628596,False,False,False,False,False,False,False,False,False,False,True,False,False,False,False,False,False,False,False,False,False,False,False,False,False,False,False,True,False,False,False,False,True,False,False,False,False,False,False,False,False,False,False,False
2025-11-28,PROD_001,Nike Air Zoom Pegasus 40,Running,Zapatillas Running,115,True,,97.75,,2025,4,11,Noviembre,28,Viernes,False,False,True,False,True,332,48,,,,,,,,,0.15000000000000002,100.08666666666666,0.9766535669086792,False,False,False,False,False,False,False,False,False,False,False,False,False,False,True,False,False,False,False,False,False,False,False,False,False,False,True,False,False,False,False,False,False,False,False,False,False,False,False,False,False,False,True,False
2025-11-28,PROD_002,Adidas Ultraboost 23,Running,Zapatillas Running,135,True,,114.75,,2025,4,11,Noviembre,28,Viernes,False,False,True,False,True,332,48,,,,,,,,,0.15000000000000002,115.29,0.9953161592505855,False,True,False,False,False,False,False,False,False,False,False,False,False,False,False,False,False,False,False,False,False,False,False,False,False,False,True,False,False,False,False,False,False,False,False,False,False,False,False,False,False,False,True,False
2025-11-28,PROD_003,Asics Gel Nimbus 25,Running,Zapatillas Running,85,False,,72.25,,2025,4,11,Noviembre,28,Viernes,False,False,True,False,True,332,48,,,,,,,,,0.15000000000000002,80.23,0.900535959117537,False,False,True,False,False,False,False,False,False,False,False,False,False,False,False,False,False,False,False,False,False,False,False,False,False,False,True,False,False,False,False,False,False,False,False,False,False,False,False,False,False,False,True,False
2025-11-28,PROD_004,New Balance Fresh Foam X 1080v12,Running,Zapatillas Running,75,False,,63.75,,2025,4,11,Noviembre,28,Viernes,False,False,True,False,True,332,48,,,,,,,,,0.15000000000000002,70.63333333333334,0.9025483718735252,False,False,False,False,False,False,False,False,False,False,False,False,False,True,False,False,False,False,False,False,False,False,False,False,False,False,True,False,False,False,False,False,False,False,False,False,False,False,False,False,False,False,True,False
2025-11-28,PROD_005,Nike Dri-FIT Miler,Running,Ropa Running,35,False,,29.75,,2025,4,11,Noviembre,28,Viernes,False,False,True,False,True,332,48,,,,,,,,,0.15000000000000002,32.00333333333334,0.9295906676387875,False,False,False,False,False,False,False,False,False,False,False,False,False,False,False,True,False,False,False,False,False,False,False,False,False,False,True,False,False,False,False,False,False,False,False,False,False,False,False,False,False,True,False,False
2025-11-28,PROD_006,Adidas Own The Run Jacket,Running,Ropa Running,65,False,,55.25,,2025,4,11,Noviembre,28,Viernes,False,False,True,False,True,332,48,,,,,,,,,0.15000000000000002,61.169999999999995,0.9032205329409843,True,False,False,False,False,False,False,False,False,False,False,False,False,False,False,False,False,False,False,False,False,False,False,False,False,False,True,False,False,False,False,False,False,False,False,False,False,False,False,False,False,True,False,False
2025-11-28,PROD_007,Puma Velocity Nitro 2,Running,Zapatillas Running,70,False,,59.5,,2025,4,11,Noviembre,28,Viernes,False,False,True,False,True,332,48,,,,,,,,,0.15000000000000002,65.91333333333334,0.9027005158288661,False,False,False,False,False,False,False,False,False,False,False,False,False,False,False,False,True,False,False,False,False,False,False,False,False,False,True,False,False,False,False,False,False,False,False,False,False,False,False,False,False,False,True,False
2025-11-28,PROD_008,Reebok Floatride Energy 5,Running,Zapatillas Running,65,False,,55.25,,2025,4,11,Noviembre,28,Viernes,False,False,True,False,True,332,48,,,,,,,,,0.15000000000000002,60.77333333333333,0.9091158402808249,False,False,False,False,False,False,False,False,False,False,False,False,False,False,False,False,False,False,True,False,False,False,False,False,False,False,True,False,False,False,False,False,False,False,False,False,False,False,False,False,False,False,True,False
2025-11-28,PROD_009,Bowflex SelectTech 552,Fitness,Mancuernas Ajustables,400,True,,340.0,,2025,4,11,Noviembre,28,Viernes,False,False,True,False,True,332,48,,,,,,,,,0.15000000000000002,340.2233333333333,0.9993435684403383,False,False,False,True,False,False,False,False,False,False,False,False,False,False,False,False,False,False,False,False,False,False,False,False,True,False,False,False,False,False,False,False,False,False,False,True,False,False,False,False,False,False,False,False
2025-11-28,PROD_010,Domyos BM900,Fitness,Banco Gimnasio,175,True,,148.75,,2025,4,11,Noviembre,28,Viernes,False,False,True,False,True,332,48,,,,,,,,,0.15000000000000002,166.61333333333334,0.8927856914212547,False,False,False,False,False,False,True,False,False,False,False,False,False,False,False,False,False,False,False,False,False,False,False,False,True,False,False,False,True,False,False,False,False,False,False,False,False,False,False,False,False,False,False,False
2025-11-28,PROD_011,Reebok Professional Deck,Fitness,Esterilla Fitness,45,False,,38.25,,2025,4,11,Noviembre,28,Viernes,False,False,True,False,True,332,48,,,,,,,,,0.15000000000000002,41.76666666666666,0.9158020750199523,False,False,False,False,False,False,False,False,False,False,False,False,False,False,False,False,False,False,False,True,False,False,False,False,True,False,False,False,False,False,False,False,False,True,False,False,False,False,False,False,False,False,False,False
2025-11-28,PROD_012,Domyos Kit Mancuernas 20kg,Fitness,Pesas Casa,55,False,,46.75,,2025,4,11,Noviembre,28,Viernes,False,False,True,False,True,332,48,,,,,,,,,0.15000000000000002,52.546666666666674,0.8896853590459273,False,False,False,False,False,False,False,True,False,False,False,False,False,False,False,False,False,False,False,False,False,False,False,False,True,False,False,False,False,False,False,False,False,False,False,False,False,False,True,False,False,False,False,False
2025-11-28,PROD_013,Decathlon Bandas Elásticas Set,Fitness,Bandas Elásticas,25,False,,21.25,,2025,4,11,Noviembre,28,Viernes,False,False,True,False,True,332,48,,,,,,,,,0.15000000000000002,22.233333333333334,0.9557721139430284,False,False,False,False,False,True,False,False,False,False,False,False,False,False,False,False,False,False,False,False,False,False,False,False,True,False,False,False,False,True,False,False,False,False,False,False,False,False,False,False,False,False,False,False
2025-11-28,PROD_014,Sveltus Kettlebell 12kg,Fitness,Pesa Rusa,40,False,,34.0,,2025,4,11,Noviembre,28,Viernes,False,False,True,False,True,332,48,,,,,,,,,0.15000000000000002,38.21666666666667,0.8896641953772351,False,False,False,False,False,False,False,False,False,False,False,False,False,False,False,False,False,False,False,False,False,True,False,False,True,False,False,False,False,False,False,False,False,False,False,False,False,True,False,False,False,False,False,False
2025-11-28,PROD_015,Salomon Speedcross 5 GTX,Outdoor,Zapatillas Trail,150,True,,127.5,,2025,4,11,Noviembre,28,Viernes,False,False,True,False,True,332,48,,,,,,,,,0.15000000000000002,139.01666666666668,0.9171562162810214,False,False,False,False,False,False,False,False,False,False,False,False,False,False,False,False,False,False,False,False,True,False,False,False,False,True,False,False,False,False,False,False,False,False,False,False,False,False,False,False,False,False,False,True
2025-11-28,PROD_016,Trek Marlin 7,Outdoor,Bicicleta Montaña,830,True,,705.5,,2025,4,11,Noviembre,28,Viernes,False,False,True,False,True,332,48,,,,,,,,,0.15000000000000002,735.7800000000001,0.9588463943026447,False,False,False,False,False,False,False,False,False,False,False,False,False,False,False,False,False,False,False,False,False,False,False,True,False,True,False,False,False,False,True,False,False,False,False,False,False,False,False,False,False,False,False,False
2025-11-28,PROD_017,The North Face Borealis,Outdoor,Mochila Trekking,95,False,,80.75,,2025,4,11,Noviembre,28,Viernes,False,False,True,False,True,332,48,,,,,,,,,0.15000000000000002,88.42,0.913254919701425,False,False,False,False,False,False,False,False,False,False,False,False,False,False,False,False,False,False,False,False,False,False,True,False,False,True,False,False,False,False,False,False,False,False,False,False,True,False,False,False,False,False,False,False
2025-11-28,PROD_018,Columbia Silver Ridge,Outdoor,Ropa Montaña,70,False,,59.5,,2025,4,11,Noviembre,28,Viernes,False,False,True,False,True,332,48,,,,,,,,,0.15000000000000002,68.24,0.8719226260257914,False,False,False,False,True,False,False,False,False,False,False,False,False,False,False,False,False,False,False,False,False,False,False,False,False,True,False,False,False,False,False,False,False,False,False,False,False,False,False,False,True,False,False,False
2025-11-28,PROD_019,Merrell Moab 2 GTX,Outdoor,Zapatillas Trail,110,False,,93.5,,2025,4,11,Noviembre,28,Viernes,False,False,True,False,True,332,48,,,,,,,,,0.15000000000000002,102.40666666666668,0.9130264956708546,False,False,False,False,False,False,False,False,False,False,False,False,True,False,False,False,False,False,False,False,False,False,False,False,False,True,False,False,False,False,False,False,False,False,False,False,False,False,False,False,False,False,False,True
2025-11-28,PROD_020,Quechua MH500,Outdoor,Ropa Montaña,80,False,,68.0,,2025,4,11,Noviembre,28,Viernes,False,False,True,False,True,332,48,,,,,,,,,0.15000000000000002,74.81,0.9089693891191017,False,False,False,False,False,False,False,False,False,False,False,False,False,False,False,False,False,True,False,False,False,False,False,False,False,True,False,False,False,False,False,False,False,False,False,False,False,False,False,False,True,False,False,False
2025-11-28,PROD_021,Manduka PRO Yoga Mat,Wellness,Esterilla Yoga,130,True,,110.5,,2025,4,11,Noviembre,28,Viernes,False,False,True,False,True,332,48,,,,,,,,,0.15000000000000002,119.83,0.922139697905366,False,False,False,False,False,False,False,False,False,False,False,True,False,False,False,False,False,False,False,False,False,False,False,False,False,False,False,True,False,False,False,False,False,False,True,False,False,False,False,False,False,False,False,False
2025-11-28,PROD_022,Gaiam Premium Yoga Block,Wellness,Bloque Yoga,20,False,,17.0,,2025,4,11,Noviembre,28,Viernes,False,False,True,False,True,332,48,,,,,,,,,0.15000000000000002,19.12,0.8891213389121339,False,False,False,False,False,False,False,False,True,False,False,False,False,False,False,False,False,False,False,False,False,False,False,False,False,False,False,True,False,False,False,True,False,False,False,False,False,False,False,False,False,False,False,False
2025-11-28,PROD_023,Liforme Yoga Pad,Wellness,Rodillera Yoga,35,False,,29.75,,2025,4,11,Noviembre,28,Viernes,False,False,True,False,True,332,48,,,,,,,,,0.15000000000000002,33.07666666666667,0.8994255769424568,False,False,False,False,False,False,False,False,False,True,False,False,False,False,False,False,False,False,False,False,False,False,False,False,False,False,False,True,False,False,False,False,False,False,False,False,False,False,False,True,False,False,False,False
2025-11-28,PROD_024,Lotuscrafts Yoga Bolster,Wellness,Cojín Yoga,50,False,,42.5,,2025,4,11,Noviembre,28,Viernes,False,False,True,False,True,332,48,,,,,,,,,0.15000000000000002,46.96,0.9050255536626917,False,False,False,False,False,False,False,False,False,False,True,False,False,False,False,False,False,False,False,False,False,False,False,False,False,False,False,True,False,False,False,False,True,False,False,False,False,False,False,False,False,False,False,False
2025-11-29,PROD_001,Nike Air Zoom Pegasus 40,Running,Zapatillas Running,115,True,,115.0,,2025,5,11,Noviembre,29,Sábado,True,False,False,False,False,333,48,,,,,,,,,0.0,103.84666666666665,1.1074019387558582,False,False,False,False,False,False,False,False,False,False,False,False,False,False,True,False,False,False,False,False,False,False,False,False,False,False,True,False,False,False,False,False,False,False,False,False,False,False,False,False,False,False,True,False
2025-11-29,PROD_002,Adidas Ultraboost 23,Running,Zapatillas Running,135,True,,135.0,,2025,5,11,Noviembre,29,Sábado,True,False,False,False,False,333,48,,,,,,,,,0.0,120.77,1.1178272749855096,False,True,False,False,False,False,False,False,False,False,False,False,False,False,False,False,False,False,False,False,False,False,False,False,False,False,True,False,False,False,False,False,False,False,False,False,False,False,False,False,False,False,True,False
2025-11-29,PROD_003,Asics Gel Nimbus 25,Running,Zapatillas Running,85,False,,83.69,,2025,5,11,Noviembre,29,Sábado,True,False,False,False,False,333,48,,,,,,,,,0.015411764705882347,80.42333333333333,1.0406183943300038,False,False,True,False,False,False,False,False,False,False,False,False,False,False,False,False,False,False,False,False,False,False,False,False,False,False,True,False,False,False,False,False,False,False,False,False,False,False,False,False,False,False,True,False
2025-11-29,PROD_004,New Balance Fresh Foam X 1080v12,Running,Zapatillas Running,75,False,,74.87,,2025,5,11,Noviembre,29,Sábado,True,False,False,False,False,333,48,,,,,,,,,0.0017333333333332535,73.78666666666668,1.0146819660281894,False,False,False,False,False,False,False,False,False,False,False,False,False,True,False,False,False,False,False,False,False,False,False,False,False,False,True,False,False,False,False,False,False,False,False,False,False,False,False,False,False,False,True,False
2025-11-29,PROD_005,Nike Dri-FIT Miler,Running,Ropa Running,35,False,,35.17,,2025,5,11,Noviembre,29,Sábado,True,False,False,False,False,333,48,,,,,,,,,-0.004857142857142893,34.06333333333333,1.0324885018103533,False,False,False,False,False,False,False,False,False,False,False,False,False,False,False,True,False,False,False,False,False,False,False,False,False,False,True,False,False,False,False,False,False,False,False,False,False,False,False,False,False,True,False,False
2025-11-29,PROD_006,Adidas Own The Run Jacket,Running,Ropa Running,65,False,,64.06,,2025,5,11,Noviembre,29,Sábado,True,False,False,False,False,333,48,,,,,,,,,0.014461538461538415,64.94,0.9864490298737296,True,False,False,False,False,False,False,False,False,False,False,False,False,False,False,False,False,False,False,False,False,False,False,False,False,False,True,False,False,False,False,False,False,False,False,False,False,False,False,False,False,True,False,False
2025-11-29,PROD_007,Puma Velocity Nitro 2,Running,Zapatillas Running,70,False,,70.92,,2025,5,11,Noviembre,29,Sábado,True,False,False,False,False,333,48,,,,,,,,,-0.013142857142857123,69.68666666666667,1.0176982684396825,False,False,False,False,False,False,False,False,False,False,False,False,False,False,False,False,True,False,False,False,False,False,False,False,False,False,True,False,False,False,False,False,False,False,False,False,False,False,False,False,False,False,True,False
2025-11-29,PROD_008,Reebok Floatride Energy 5,Running,Zapatillas Running,65,False,,64.95,,2025,5,11,Noviembre,29,Sábado,True,False,False,False,False,333,48,,,,,,,,,0.0007692307692307443,65.7,0.9885844748858448,False,False,False,False,False,False,False,False,False,False,False,False,False,False,False,False,False,False,True,False,False,False,False,False,False,False,True,False,False,False,False,False,False,False,False,False,False,False,False,False,False,False,True,False
2025-11-29,PROD_009,Bowflex SelectTech 552,Fitness,Mancuernas Ajustables,400,True,,400.0,,2025,5,11,Noviembre,29,Sábado,True,False,False,False,False,333,48,,,,,,,,,0.0,355.44000000000005,1.1253657438667566,False,False,False,True,False,False,False,False,False,False,False,False,False,False,False,False,False,False,False,False,False,False,False,False,True,False,False,False,False,False,False,False,False,False,False,True,False,False,False,False,False,False,False,False
2025-11-29,PROD_010,Domyos BM900,Fitness,Banco Gimnasio,175,True,,175.0,,2025,5,11,Noviembre,29,Sábado,True,False,False,False,False,333,48,,,,,,,,,0.0,169.83666666666667,1.0304017585523346,False,False,False,False,False,False,True,False,False,False,False,False,False,False,False,False,False,False,False,False,False,False,False,False,True,False,False,False,True,False,False,False,False,False,False,False,False,False,False,False,False,False,False,False
2025-11-29,PROD_011,Reebok Professional Deck,Fitness,Esterilla Fitness,45,False,,45.0,,2025,5,11,Noviembre,29,Sábado,True,False,False,False,False,333,48,,,,,,,,,0.0,45.59666666666667,0.9869142481175524,False,False,False,False,False,False,False,False,False,False,False,False,False,False,False,False,False,False,False,True,False,False,False,False,True,False,False,False,False,False,False,False,False,True,False,False,False,False,False,False,False,False,False,False
2025-11-29,PROD_012,Domyos Kit Mancuernas 20kg,Fitness,Pesas Casa,55,False,,55.24,,2025,5,11,Noviembre,29,Sábado,True,False,False,False,False,333,48,,,,,,,,,-0.004363636363636347,54.153333333333336,1.0200664779022528,False,False,False,False,False,False,False,True,False,False,False,False,False,False,False,False,False,False,False,False,False,False,False,False,True,False,False,False,False,False,False,False,False,False,False,False,False,False,True,False,False,False,False,False
2025-11-29,PROD_013,Decathlon Bandas Elásticas Set,Fitness,Bandas Elásticas,25,False,,24.57,,2025,5,11,Noviembre,29,Sábado,True,False,False,False,False,333,48,,,,,,,,,0.017199999999999993,23.91333333333333,1.0274602732088096,False,False,False,False,False,True,False,False,False,False,False,False,False,False,False,False,False,False,False,False,False,False,False,False,True,False,False,False,False,True,False,False,False,False,False,False,False,False,False,False,False,False,False,False
2025-11-29,PROD_014,Sveltus Kettlebell 12kg,Fitness,Pesa Rusa,40,False,,40.19,,2025,5,11,Noviembre,29,Sábado,True,False,False,False,False,333,48,,,,,,,,,-0.004750000000000032,38.14333333333333,1.0536572577121384,False,False,False,False,False,False,False,False,False,False,False,False,False,False,False,False,False,False,False,False,False,True,False,False,True,False,False,False,False,False,False,False,False,False,False,False,False,True,False,False,False,False,False,False
2025-11-29,PROD_015,Salomon Speedcross 5 GTX,Outdoor,Zapatillas Trail,150,True,,150.0,,2025,5,11,Noviembre,29,Sábado,True,False,False,False,False,333,48,,,,,,,,,0.0,137.14,1.0937727869330611,False,False,False,False,False,False,False,False,False,False,False,False,False,False,False,False,False,False,False,False,True,False,False,False,False,True,False,False,False,False,False,False,False,False,False,False,False,False,False,False,False,False,False,True
2025-11-29,PROD_016,Trek Marlin 7,Outdoor,Bicicleta Montaña,830,True,,830.0,,2025,5,11,Noviembre,29,Sábado,True,False,False,False,False,333,48,,,,,,,,,0.0,738.3166666666666,1.1241788753696473,False,False,False,False,False,False,False,False,False,False,False,False,False,False,False,False,False,False,False,False,False,False,False,True,False,True,False,False,False,False,True,False,False,False,False,False,False,False,False,False,False,False,False,False
2025-11-29,PROD_017,The North Face Borealis,Outdoor,Mochila Trekking,95,False,,94.99,,2025,5,11,Noviembre,29,Sábado,True,False,False,False,False,333,48,,,,,,,,,0.00010526315789483043,92.71333333333332,1.0245559790033796,False,False,False,False,False,False,False,False,False,False,False,False,False,False,False,False,False,False,False,False,False,False,True,False,False,True,False,False,False,False,False,False,False,False,False,False,True,False,False,False,False,False,False,False
2025-11-29,PROD_018,Columbia Silver Ridge,Outdoor,Ropa Montaña,70,False,,70.26,,2025,5,11,Noviembre,29,Sábado,True,False,False,False,False,333,48,,,,,,,,,-0.003714285714285781,66.34333333333332,1.0590363261819828,False,False,False,False,True,False,False,False,False,False,False,False,False,False,False,False,False,False,False,False,False,False,False,False,False,True,False,False,False,False,False,False,False,False,False,False,False,False,False,False,True,False,False,False
2025-11-29,PROD_019,Merrell Moab 2 GTX,Outdoor,Zapatillas Trail,110,False,,110.18,,2025,5,11,Noviembre,29,Sábado,True,False,False,False,False,333,48,,,,,,,,,-0.001636363636363658,105.82,1.0412020412020413,False,False,False,False,False,False,False,False,False,False,False,False,True,False,False,False,False,False,False,False,False,False,False,False,False,True,False,False,False,False,False,False,False,False,False,False,False,False,False,False,False,False,False,True
2025-11-29,PROD_020,Quechua MH500,Outdoor,Ropa Montaña,80,False,,79.79,,2025,5,11,Noviembre,29,Sábado,True,False,False,False,False,333,48,,,,,,,,,0.0026249999999998774,77.62,1.0279567121875806,False,False,False,False,False,False,False,False,False,False,False,False,False,False,False,False,False,True,False,False,False,False,False,False,False,True,False,False,False,False,False,False,False,False,False,False,False,False,False,False,True,False,False,False
2025-11-29,PROD_021,Manduka PRO Yoga Mat,Wellness,Esterilla Yoga,130,True,,130.0,,2025,5,11,Noviembre,29,Sábado,True,False,False,False,False,333,48,,,,,,,,,0.0,128.48666666666668,1.0117781352150677,False,False,False,False,False,False,False,False,False,False,False,True,False,False,False,False,False,False,False,False,False,False,False,False,False,False,False,True,False,False,False,False,False,False,True,False,False,False,False,False,False,False,False,False
2025-11-29,PROD_022,Gaiam Premium Yoga Block,Wellness,Bloque Yoga,20,False,,19.78,,2025,5,11,Noviembre,29,Sábado,True,False,False,False,False,333,48,,,,,,,,,0.010999999999999899,19.049999999999997,1.0383202099737534,False,False,False,False,False,False,False,False,True,False,False,False,False,False,False,False,False,False,False,False,False,False,False,False,False,False,False,True,False,False,False,True,False,False,False,False,False,False,False,False,False,False,False,False
2025-11-29,PROD_023,Liforme Yoga Pad,Wellness,Rodillera Yoga,35,False,,35.1,,2025,5,11,Noviembre,29,Sábado,True,False,False,False,False,333,48,,,,,,,,,-0.0028571428571428914,33.35333333333333,1.0523685788526884,False,False,False,False,False,False,False,False,False,True,False,False,False,False,False,False,False,False,False,False,False,False,False,False,False,False,False,True,False,False,False,False,False,False,False,False,False,False,False,True,False,False,False,False
2025-11-29,PROD_024,Lotuscrafts Yoga Bolster,Wellness,Cojín Yoga,50,False,,50.37,,2025,5,11,Noviembre,29,Sábado,True,False,False,False,False,333,48,,,,,,,,,-0.007399999999999851,47.96333333333333,1.050177218708736,False,False,False,False,False,False,False,False,False,False,True,False,False,False,False,False,False,False,False,False,False,False,False,False,False,False,False,True,False,False,False,False,True,False,False,False,False,False,False,False,False,False,False,False
2025-11-30,PROD_001,Nike Air Zoom Pegasus 40,Running,Zapatillas Running,115,True,,115.0,,2025,6,11,Noviembre,30,Domingo,True,False,False,False,False,334,48,,,,,,,,,0.0,100.57,1.14348215173511,False,False,False,False,False,False,False,False,False,False,False,False,False,False,True,False,False,False,False,False,False,False,False,False,False,False,True,False,False,False,False,False,False,False,False,False,False,False,False,False,False,False,True,False
2025-11-30,PROD_002,Adidas Ultraboost 23,Running,Zapatillas Running,135,True,,135.0,,2025,6,11,Noviembre,30,Domingo,True,False,False,False,False,334,48,,,,,,,,,0.0,119.94666666666667,1.1255002223210315,False,True,False,False,False,False,False,False,False,False,False,False,False,False,False,False,False,False,False,False,False,False,False,False,False,False,True,False,False,False,False,False,False,False,False,False,False,False,False,False,False,False,True,False
2025-11-30,PROD_003,Asics Gel Nimbus 25,Running,Zapatillas Running,85,False,,86.08,,2025,6,11,Noviembre,30,Domingo,True,False,False,False,False,334,48,,,,,,,,,-0.012705882352941122,86.38666666666666,0.9964500694551629,False,False,True,False,False,False,False,False,False,False,False,False,False,False,False,False,False,False,False,False,False,False,False,False,False,False,True,False,False,False,False,False,False,False,False,False,False,False,False,False,False,False,True,False
2025-11-30,PROD_004,New Balance Fresh Foam X 1080v12,Running,Zapatillas Running,75,False,,76.22,,2025,6,11,Noviembre,30,Domingo,True,False,False,False,False,334,48,,,,,,,,,-0.01626666666666665,71.96333333333332,1.0591504933067768,False,False,False,False,False,False,False,False,False,False,False,False,False,True,False,False,False,False,False,False,False,False,False,False,False,False,True,False,False,False,False,False,False,False,False,False,False,False,False,False,False,False,True,False
2025-11-30,PROD_005,Nike Dri-FIT Miler,Running,Ropa Running,35,False,,34.94,,2025,6,11,Noviembre,30,Domingo,True,False,False,False,False,334,48,,,,,,,,,0.0017142857142857792,34.52333333333333,1.0120691319880273,False,False,False,False,False,False,False,False,False,False,False,False,False,False,False,True,False,False,False,False,False,False,False,False,False,False,True,False,False,False,False,False,False,False,False,False,False,False,False,False,False,True,False,False
2025-11-30,PROD_006,Adidas Own The Run Jacket,Running,Ropa Running,65,False,,65.75,,2025,6,11,Noviembre,30,Domingo,True,False,False,False,False,334,48,,,,,,,,,-0.011538461538461497,61.88,1.062540400775695,True,False,False,False,False,False,False,False,False,False,False,False,False,False,False,False,False,False,False,False,False,False,False,False,False,False,True,False,False,False,False,False,False,False,False,False,False,False,False,False,False,True,False,False
2025-11-30,PROD_007,Puma Velocity Nitro 2,Running,Zapatillas Running,70,False,,70.28,,2025,6,11,Noviembre,30,Domingo,True,False,False,False,False,334,48,,,,,,,,,-0.0040000000000000036,66.84333333333333,1.0514137535530843,False,False,False,False,False,False,False,False,False,False,False,False,False,False,False,False,True,False,False,False,False,False,False,False,False,False,True,False,False,False,False,False,False,False,False,False,False,False,False,False,False,False,True,False
2025-11-30,PROD_008,Reebok Floatride Energy 5,Running,Zapatillas Running,65,False,,65.17,,2025,6,11,Noviembre,30,Domingo,True,False,False,False,False,334,48,,,,,,,,,-0.002615384615384686,61.73,1.0557265511096712,False,False,False,False,False,False,False,False,False,False,False,False,False,False,False,False,False,False,True,False,False,False,False,False,False,False,True,False,False,False,False,False,False,False,False,False,False,False,False,False,False,False,True,False
2025-11-30,PROD_009,Bowflex SelectTech 552,Fitness,Mancuernas Ajustables,400,True,,400.0,,2025,6,11,Noviembre,30,Domingo,True,False,False,False,False,334,48,,,,,,,,,0.0,385.2466666666666,1.0382958104764048,False,False,False,True,False,False,False,False,False,False,False,False,False,False,False,False,False,False,False,False,False,False,False,False,True,False,False,False,False,False,False,False,False,False,False,True,False,False,False,False,False,False,False,False
2025-11-30,PROD_010,Domyos BM900,Fitness,Banco Gimnasio,175,True,,175.0,,2025,6,11,Noviembre,30,Domingo,True,False,False,False,False,334,48,,,,,,,,,0.0,172.41,1.0150223304912709,False,False,False,False,False,False,True,False,False,False,False,False,False,False,False,False,False,False,False,False,False,False,False,False,True,False,False,False,True,False,False,False,False,False,False,False,False,False,False,False,False,False,False,False
2025-11-30,PROD_011,Reebok Professional Deck,Fitness,Esterilla Fitness,45,False,,44.51,,2025,6,11,Noviembre,30,Domingo,True,False,False,False,False,334,48,,,,,,,,,0.010888888888888948,42.89333333333334,1.0376903947777432,False,False,False,False,False,False,False,False,False,False,False,False,False,False,False,False,False,False,False,True,False,False,False,False,True,False,False,False,False,False,False,False,False,True,False,False,False,False,False,False,False,False,False,False
2025-11-30,PROD_012,Domyos Kit Mancuernas 20kg,Fitness,Pesas Casa,55,False,,55.94,,2025,6,11,Noviembre,30,Domingo,True,False,False,False,False,334,48,,,,,,,,,-0.017090909090909046,53.120000000000005,1.0530873493975903,False,False,False,False,False,False,False,True,False,False,False,False,False,False,False,False,False,False,False,False,False,False,False,False,True,False,False,False,False,False,False,False,False,False,False,False,False,False,True,False,False,False,False,False
2025-11-30,PROD_013,Decathlon Bandas Elásticas Set,Fitness,Bandas Elásticas,25,False,,25.47,,2025,6,11,Noviembre,30,Domingo,True,False,False,False,False,334,48,,,,,,,,,-0.018799999999999928,22.26,1.1442048517520214,False,False,False,False,False,True,False,False,False,False,False,False,False,False,False,False,False,False,False,False,False,False,False,False,True,False,False,False,False,True,False,False,False,False,False,False,False,False,False,False,False,False,False,False
2025-11-30,PROD_014,Sveltus Kettlebell 12kg,Fitness,Pesa Rusa,40,False,,39.21,,2025,6,11,Noviembre,30,Domingo,True,False,False,False,False,334,48,,,,,,,,,0.019749999999999934,39.806666666666665,0.9850108859487524,False,False,False,False,False,False,False,False,False,False,False,False,False,False,False,False,False,False,False,False,False,True,False,False,True,False,False,False,False,False,False,False,False,False,False,False,False,True,False,False,False,False,False,False
2025-11-30,PROD_015,Salomon Speedcross 5 GTX,Outdoor,Zapatillas Trail,150,True,,150.0,,2025,6,11,Noviembre,30,Domingo,True,False,False,False,False,334,48,,,,,,,,,0.0,148.37333333333333,1.0109633357296908,False,False,False,False,False,False,False,False,False,False,False,False,False,False,False,False,False,False,False,False,True,False,False,False,False,True,False,False,False,False,False,False,False,False,False,False,False,False,False,False,False,False,False,True
2025-11-30,PROD_016,Trek Marlin 7,Outdoor,Bicicleta Montaña,830,True,,830.0,,2025,6,11,Noviembre,30,Domingo,True,False,False,False,False,334,48,,,,,,,,,0.0,793.4666666666667,1.0460426819022013,False,False,False,False,False,False,False,False,False,False,False,False,False,False,False,False,False,False,False,False,False,False,False,True,False,True,False,False,False,False,True,False,False,False,False,False,False,False,False,False,False,False,False,False
2025-11-30,PROD_017,The North Face Borealis,Outdoor,Mochila Trekking,95,False,,96.22,,2025,6,11,Noviembre,30,Domingo,True,False,False,False,False,334,48,,,,,,,,,-0.012842105263157988,91.30333333333333,1.0538498046803695,False,False,False,False,False,False,False,False,False,False,False,False,False,False,False,False,False,False,False,False,False,False,True,False,False,True,False,False,False,False,False,False,False,False,False,False,True,False,False,False,False,False,False,False
2025-11-30,PROD_018,Columbia Silver Ridge,Outdoor,Ropa Montaña,70,False,,69.68,,2025,6,11,Noviembre,30,Domingo,True,False,False,False,False,334,48,,,,,,,,,0.004571428571428449,69.22333333333334,1.0065970048634854,False,False,False,False,True,False,False,False,False,False,False,False,False,False,False,False,False,False,False,False,False,False,False,False,False,True,False,False,False,False,False,False,False,False,False,False,False,False,False,False,True,False,False,False
2025-11-30,PROD_019,Merrell Moab 2 GTX,Outdoor,Zapatillas Trail,110,False,,109.74,,2025,6,11,Noviembre,30,Domingo,True,False,False,False,False,334,48,,,,,,,,,0.0023636363636364566,101.79333333333334,1.0780666710328115,False,False,False,False,False,False,False,False,False,False,False,False,True,False,False,False,False,False,False,False,False,False,False,False,False,True,False,False,False,False,False,False,False,False,False,False,False,False,False,False,False,False,False,True
2025-11-30,PROD_020,Quechua MH500,Outdoor,Ropa Montaña,80,False,,79.64,,2025,6,11,Noviembre,30,Domingo,True,False,False,False,False,334,48,,,,,,,,,0.0044999999999999485,82.19666666666666,0.9688957378644715,False,False,False,False,False,False,False,False,False,False,False,False,False,False,False,False,False,True,False,False,False,False,False,False,False,True,False,False,False,False,False,False,False,False,False,False,False,False,False,False,True,False,False,False
2025-11-30,PROD_021,Manduka PRO Yoga Mat,Wellness,Esterilla Yoga,130,True,,130.0,,2025,6,11,Noviembre,30,Domingo,True,False,False,False,False,334,48,,,,,,,,,0.0,120.62,1.077764881445863,False,False,False,False,False,False,False,False,False,False,False,True,False,False,False,False,False,False,False,False,False,False,False,False,False,False,False,True,False,False,False,False,False,False,True,False,False,False,False,False,False,False,False,False
2025-11-30,PROD_022,Gaiam Premium Yoga Block,Wellness,Bloque Yoga,20,False,,20.18,,2025,6,11,Noviembre,30,Domingo,True,False,False,False,False,334,48,,,,,,,,,-0.008999999999999897,19.163333333333334,1.0530527048182292,False,False,False,False,False,False,False,False,True,False,False,False,False,False,False,False,False,False,False,False,False,False,False,False,False,False,False,True,False,False,False,True,False,False,False,False,False,False,False,False,False,False,False,False
2025-11-30,PROD_023,Liforme Yoga Pad,Wellness,Rodillera Yoga,35,False,,34.79,,2025,6,11,Noviembre,30,Domingo,True,False,False,False,False,334,48,,,,,,,,,0.006000000000000005,33.27333333333333,1.0455820476858344,False,False,False,False,False,False,False,False,False,True,False,False,False,False,False,False,False,False,False,False,False,False,False,False,False,False,False,True,False,False,False,False,False,False,False,False,False,False,False,True,False,False,False,False
2025-11-30,PROD_024,Lotuscrafts Yoga Bolster,Wellness,Cojín Yoga,50,False,,49.62,,2025,6,11,Noviembre,30,Domingo,True,False,False,False,False,334,48,,,,,,,,,0.007600000000000051,46.20666666666667,1.073871014283653,False,False,False,False,False,False,False,False,False,False,True,False,False,False,False,False,False,False,False,False,False,False,False,False,False,False,False,True,False,False,False,False,True,False,False,False,False,False,False,False,False,False,False,False
